/*
Navicat MySQL Data Transfer

Source Server         : 10.21.1.214
Source Server Version : 50552
Source Host           : 10.21.1.214:3306
Source Database       : ops-dashboard

Target Server Type    : MYSQL
Target Server Version : 50552
File Encoding         : 65001

Date: 2017-09-30 16:34:53
*/

CREATE DATABASE IF NOT EXISTS ops
  DEFAULT CHARACTER SET utf8
  DEFAULT COLLATE utf8_general_ci;
USE ops;
SET NAMES utf8;

SET FOREIGN_KEY_CHECKS=0;

-- ----------------------------
-- Table structure for account_emailaddress
-- ----------------------------
CREATE TABLE IF NOT EXISTS `account_emailaddress` (
  `id` int(11) NOT NULL AUTO_INCREMENT,
  `email` varchar(254) NOT NULL,
  `verified` tinyint(1) NOT NULL,
  `primary` tinyint(1) NOT NULL,
  `user_id` int(11) NOT NULL,
  PRIMARY KEY (`id`),
  UNIQUE KEY `email` (`email`),
  KEY `account_emailaddress_user_id_2c513194_fk_auth_user_id` (`user_id`),
  CONSTRAINT `account_emailaddress_user_id_2c513194_fk_auth_user_id` FOREIGN KEY (`user_id`) REFERENCES `auth_user` (`id`)
) ENGINE=InnoDB DEFAULT CHARSET=utf8;

-- ----------------------------
-- Records of account_emailaddress
-- ----------------------------

-- ----------------------------
-- Table structure for account_emailconfirmation
-- ----------------------------
CREATE TABLE IF NOT EXISTS `account_emailconfirmation` (
  `id` int(11) NOT NULL AUTO_INCREMENT,
  `created` datetime NOT NULL,
  `sent` datetime DEFAULT NULL,
  `key` varchar(64) NOT NULL,
  `email_address_id` int(11) NOT NULL,
  PRIMARY KEY (`id`),
  UNIQUE KEY `key` (`key`),
  KEY `account_emailconfirm_email_address_id_5b7f8c58_fk_account_e` (`email_address_id`),
  CONSTRAINT `account_emailconfirm_email_address_id_5b7f8c58_fk_account_e` FOREIGN KEY (`email_address_id`) REFERENCES `account_emailaddress` (`id`)
) ENGINE=InnoDB DEFAULT CHARSET=utf8;

-- ----------------------------
-- Records of account_emailconfirmation
-- ----------------------------

-- ----------------------------
-- Table structure for auth_group
-- ----------------------------
CREATE TABLE IF NOT EXISTS `auth_group` (
  `id` int(11) NOT NULL AUTO_INCREMENT,
  `name` varchar(80) NOT NULL,
  PRIMARY KEY (`id`),
  UNIQUE KEY `name` (`name`)
) ENGINE=InnoDB AUTO_INCREMENT=10 DEFAULT CHARSET=utf8;

-- ----------------------------
-- Records of auth_group
-- ----------------------------
INSERT INTO `auth_group` VALUES ('7', '43543');
INSERT INTO `auth_group` VALUES ('6', '555');
INSERT INTO `auth_group` VALUES ('9', 'dddd');
INSERT INTO `auth_group` VALUES ('3', '开发一组');
INSERT INTO `auth_group` VALUES ('2', '运维一组');

-- ----------------------------
-- Table structure for auth_group_permissions
-- ----------------------------
CREATE TABLE IF NOT EXISTS `auth_group_permissions` (
  `id` int(11) NOT NULL AUTO_INCREMENT,
  `group_id` int(11) NOT NULL,
  `permission_id` int(11) NOT NULL,
  PRIMARY KEY (`id`),
  UNIQUE KEY `auth_group_permissions_group_id_permission_id_0cd325b0_uniq` (`group_id`,`permission_id`),
  KEY `auth_group_permissio_permission_id_84c5c92e_fk_auth_perm` (`permission_id`),
  CONSTRAINT `auth_group_permissions_group_id_b120cbf9_fk_auth_group_id` FOREIGN KEY (`group_id`) REFERENCES `auth_group` (`id`),
  CONSTRAINT `auth_group_permissio_permission_id_84c5c92e_fk_auth_perm` FOREIGN KEY (`permission_id`) REFERENCES `auth_permission` (`id`)
) ENGINE=InnoDB AUTO_INCREMENT=7 DEFAULT CHARSET=utf8;

-- ----------------------------
-- Records of auth_group_permissions
-- ----------------------------
INSERT INTO `auth_group_permissions` VALUES ('1', '2', '34');
INSERT INTO `auth_group_permissions` VALUES ('2', '2', '35');
INSERT INTO `auth_group_permissions` VALUES ('3', '2', '36');
INSERT INTO `auth_group_permissions` VALUES ('4', '2', '37');
INSERT INTO `auth_group_permissions` VALUES ('5', '2', '38');
INSERT INTO `auth_group_permissions` VALUES ('6', '2', '39');

-- ----------------------------
-- Table structure for auth_permission
-- ----------------------------
CREATE TABLE IF NOT EXISTS `auth_permission` (
  `id` int(11) NOT NULL AUTO_INCREMENT,
  `name` varchar(255) NOT NULL,
  `content_type_id` int(11) NOT NULL,
  `codename` varchar(100) NOT NULL,
  PRIMARY KEY (`id`),
  UNIQUE KEY `auth_permission_content_type_id_codename_01ab375a_uniq` (`content_type_id`,`codename`),
  CONSTRAINT `auth_permission_content_type_id_2f476e4b_fk_django_co` FOREIGN KEY (`content_type_id`) REFERENCES `django_content_type` (`id`)
) ENGINE=InnoDB AUTO_INCREMENT=40 DEFAULT CHARSET=utf8;

-- ----------------------------
-- Records of auth_permission
-- ----------------------------
INSERT INTO `auth_permission` VALUES ('1', 'Can add log entry', '1', 'add_logentry');
INSERT INTO `auth_permission` VALUES ('2', 'Can change log entry', '1', 'change_logentry');
INSERT INTO `auth_permission` VALUES ('3', 'Can delete log entry', '1', 'delete_logentry');
INSERT INTO `auth_permission` VALUES ('4', 'Can add group', '2', 'add_group');
INSERT INTO `auth_permission` VALUES ('5', 'Can change group', '2', 'change_group');
INSERT INTO `auth_permission` VALUES ('6', 'Can delete group', '2', 'delete_group');
INSERT INTO `auth_permission` VALUES ('7', 'Can add permission', '3', 'add_permission');
INSERT INTO `auth_permission` VALUES ('8', 'Can change permission', '3', 'change_permission');
INSERT INTO `auth_permission` VALUES ('9', 'Can delete permission', '3', 'delete_permission');
INSERT INTO `auth_permission` VALUES ('10', 'Can add user', '4', 'add_user');
INSERT INTO `auth_permission` VALUES ('11', 'Can change user', '4', 'change_user');
INSERT INTO `auth_permission` VALUES ('12', 'Can delete user', '4', 'delete_user');
INSERT INTO `auth_permission` VALUES ('13', 'Can add content type', '5', 'add_contenttype');
INSERT INTO `auth_permission` VALUES ('14', 'Can change content type', '5', 'change_contenttype');
INSERT INTO `auth_permission` VALUES ('15', 'Can delete content type', '5', 'delete_contenttype');
INSERT INTO `auth_permission` VALUES ('16', 'Can add session', '6', 'add_session');
INSERT INTO `auth_permission` VALUES ('17', 'Can change session', '6', 'change_session');
INSERT INTO `auth_permission` VALUES ('18', 'Can delete session', '6', 'delete_session');
INSERT INTO `auth_permission` VALUES ('19', 'Can add Token', '7', 'add_token');
INSERT INTO `auth_permission` VALUES ('20', 'Can change Token', '7', 'change_token');
INSERT INTO `auth_permission` VALUES ('21', 'Can delete Token', '7', 'delete_token');
INSERT INTO `auth_permission` VALUES ('22', 'Can add site', '8', 'add_site');
INSERT INTO `auth_permission` VALUES ('23', 'Can change site', '8', 'change_site');
INSERT INTO `auth_permission` VALUES ('24', 'Can delete site', '8', 'delete_site');
INSERT INTO `auth_permission` VALUES ('25', 'Can add email confirmation', '9', 'add_emailconfirmation');
INSERT INTO `auth_permission` VALUES ('26', 'Can change email confirmation', '9', 'change_emailconfirmation');
INSERT INTO `auth_permission` VALUES ('27', 'Can delete email confirmation', '9', 'delete_emailconfirmation');
INSERT INTO `auth_permission` VALUES ('28', 'Can add email address', '10', 'add_emailaddress');
INSERT INTO `auth_permission` VALUES ('29', 'Can change email address', '10', 'change_emailaddress');
INSERT INTO `auth_permission` VALUES ('30', 'Can delete email address', '10', 'delete_emailaddress');
INSERT INTO `auth_permission` VALUES ('31', 'Can add user info', '11', 'add_userinfo');
INSERT INTO `auth_permission` VALUES ('32', 'Can change user info', '11', 'change_userinfo');
INSERT INTO `auth_permission` VALUES ('33', 'Can delete user info', '11', 'delete_userinfo');
INSERT INTO `auth_permission` VALUES ('34', 'Can add ci_usergroup', '12', 'add_ci_usergroup');
INSERT INTO `auth_permission` VALUES ('35', 'Can change ci_usergroup', '12', 'change_ci_usergroup');
INSERT INTO `auth_permission` VALUES ('36', 'Can delete ci_usergroup', '12', 'delete_ci_usergroup');
INSERT INTO `auth_permission` VALUES ('37', 'Can add ci_user', '13', 'add_ci_user');
INSERT INTO `auth_permission` VALUES ('38', 'Can change ci_user', '13', 'change_ci_user');
INSERT INTO `auth_permission` VALUES ('39', 'Can delete ci_user', '13', 'delete_ci_user');

-- ----------------------------
-- Table structure for auth_user
-- ----------------------------
CREATE TABLE IF NOT EXISTS `auth_user` (
  `id` int(11) NOT NULL AUTO_INCREMENT,
  `password` varchar(128) NOT NULL,
  `last_login` datetime DEFAULT NULL,
  `is_superuser` tinyint(1) NOT NULL,
  `username` varchar(150) NOT NULL,
  `first_name` varchar(30) NOT NULL,
  `last_name` varchar(30) NOT NULL,
  `email` varchar(254) NOT NULL,
  `is_staff` tinyint(1) NOT NULL,
  `is_active` tinyint(1) NOT NULL,
  `date_joined` datetime NOT NULL,
  PRIMARY KEY (`id`),
  UNIQUE KEY `username` (`username`)
) ENGINE=InnoDB AUTO_INCREMENT=5 DEFAULT CHARSET=utf8;

-- ----------------------------
-- Records of auth_user
-- ----------------------------
INSERT INTO `auth_user` VALUES ('1', 'pbkdf2_sha256$36000$clA2rGz4cbDF$z1rd8+2EDuyonNpHx6IHfn0OEaetGm81yVgxvI8fZdo=', null, '1', 'admadmin', '', '', 'guopei@huayun.com', '1', '1', '2017-07-31 08:33:04');
INSERT INTO `auth_user` VALUES ('2', 'pbkdf2_sha256$36000$QLXvC5MYkd1d$W2Pm//LuH7aE8GxRCpYUVRH+kD45+kgEn4PXWWvVxso=', '2017-09-30 07:50:17', '1', 'admin', '', '', 'admin@admin.com', '1', '1', '2017-07-31 08:40:32');
INSERT INTO `auth_user` VALUES ('3', 'pbkdf2_sha256$36000$5jZuINyagG9d$13XbTuW/qR8V9axI6vSX7wVMP3CIdKRvH2vKkEhbdIY=', null, '0', 'guopei', '', '', '', '1', '1', '2017-09-05 03:52:00');
INSERT INTO `auth_user` VALUES ('4', 'pbkdf2_sha256$36000$gLE1tass4a1r$Cjiy/WFkKxPIJF87vCgAjg4OIYPO9bW9WTOz8f/G6Xk=', null, '0', 'gaodongdong', '', '', '', '1', '1', '2017-09-05 03:53:00');

-- ----------------------------
-- Table structure for auth_user_groups
-- ----------------------------
CREATE TABLE IF NOT EXISTS `auth_user_groups` (
  `id` int(11) NOT NULL AUTO_INCREMENT,
  `user_id` int(11) NOT NULL,
  `group_id` int(11) NOT NULL,
  PRIMARY KEY (`id`),
  UNIQUE KEY `auth_user_groups_user_id_group_id_94350c0c_uniq` (`user_id`,`group_id`),
  KEY `auth_user_groups_group_id_97559544_fk_auth_group_id` (`group_id`),
  CONSTRAINT `auth_user_groups_group_id_97559544_fk_auth_group_id` FOREIGN KEY (`group_id`) REFERENCES `auth_group` (`id`),
  CONSTRAINT `auth_user_groups_user_id_6a12ed8b_fk_auth_user_id` FOREIGN KEY (`user_id`) REFERENCES `auth_user` (`id`)
) ENGINE=InnoDB AUTO_INCREMENT=6 DEFAULT CHARSET=utf8;

-- ----------------------------
-- Records of auth_user_groups
-- ----------------------------
INSERT INTO `auth_user_groups` VALUES ('1', '3', '2');
INSERT INTO `auth_user_groups` VALUES ('2', '3', '3');
INSERT INTO `auth_user_groups` VALUES ('4', '4', '2');
INSERT INTO `auth_user_groups` VALUES ('5', '4', '3');

-- ----------------------------
-- Table structure for auth_user_user_permissions
-- ----------------------------
CREATE TABLE IF NOT EXISTS `auth_user_user_permissions` (
  `id` int(11) NOT NULL AUTO_INCREMENT,
  `user_id` int(11) NOT NULL,
  `permission_id` int(11) NOT NULL,
  PRIMARY KEY (`id`),
  UNIQUE KEY `auth_user_user_permissions_user_id_permission_id_14a6b632_uniq` (`user_id`,`permission_id`),
  KEY `auth_user_user_permi_permission_id_1fbb5f2c_fk_auth_perm` (`permission_id`),
  CONSTRAINT `auth_user_user_permissions_user_id_a95ead1b_fk_auth_user_id` FOREIGN KEY (`user_id`) REFERENCES `auth_user` (`id`),
  CONSTRAINT `auth_user_user_permi_permission_id_1fbb5f2c_fk_auth_perm` FOREIGN KEY (`permission_id`) REFERENCES `auth_permission` (`id`)
) ENGINE=InnoDB DEFAULT CHARSET=utf8;

-- ----------------------------
-- Records of auth_user_user_permissions
-- ----------------------------

-- ----------------------------
-- Table structure for auths_userinfo
-- ----------------------------
CREATE TABLE IF NOT EXISTS `auths_userinfo` (
  `id` int(11) NOT NULL AUTO_INCREMENT,
  `phone` varchar(20) DEFAULT NULL,
  `qq` varchar(20) DEFAULT NULL,
  `weixin` varchar(20) DEFAULT NULL,
  `user_id` int(11) NOT NULL,
  PRIMARY KEY (`id`),
  UNIQUE KEY `user_id` (`user_id`),
  CONSTRAINT `auths_userinfo_user_id_cff08a7a_fk_auth_user_id` FOREIGN KEY (`user_id`) REFERENCES `auth_user` (`id`)
) ENGINE=InnoDB AUTO_INCREMENT=2 DEFAULT CHARSET=utf8;

-- ----------------------------
-- Records of auths_userinfo
-- ----------------------------
INSERT INTO `auths_userinfo` VALUES ('1', '13500000000', '11111111', '11111111', '3');

-- ----------------------------
-- Table structure for authtoken_token
-- ----------------------------
CREATE TABLE IF NOT EXISTS `authtoken_token` (
  `key` varchar(40) NOT NULL,
  `created` datetime NOT NULL,
  `user_id` int(11) NOT NULL,
  PRIMARY KEY (`key`),
  UNIQUE KEY `user_id` (`user_id`),
  CONSTRAINT `authtoken_token_user_id_35299eff_fk_auth_user_id` FOREIGN KEY (`user_id`) REFERENCES `auth_user` (`id`)
) ENGINE=InnoDB DEFAULT CHARSET=utf8;

-- ----------------------------
-- Records of authtoken_token
-- ----------------------------
INSERT INTO `authtoken_token` VALUES ('9363ad6e47a987f3b9f014e1f5c18a786a510725', '2017-09-29 02:55:17', '2');

-- ----------------------------
-- Table structure for cmdb_ci_user
-- ----------------------------
CREATE TABLE IF NOT EXISTS `cmdb_ci_user` (
  `id` int(11) NOT NULL AUTO_INCREMENT,
  `uid` int(11) NOT NULL,
  `cid` int(11) NOT NULL,
  PRIMARY KEY (`id`)
) ENGINE=InnoDB AUTO_INCREMENT=5 DEFAULT CHARSET=utf8;

-- ----------------------------
-- Records of cmdb_ci_user
-- ----------------------------
INSERT INTO `cmdb_ci_user` VALUES ('1', '1', '1');
INSERT INTO `cmdb_ci_user` VALUES ('2', '1', '1');
INSERT INTO `cmdb_ci_user` VALUES ('3', '1', '1');
INSERT INTO `cmdb_ci_user` VALUES ('4', '1', '1');

-- ----------------------------
-- Table structure for cmdb_ci_usergroup
-- ----------------------------
CREATE TABLE IF NOT EXISTS `cmdb_ci_usergroup` (
  `id` int(11) NOT NULL AUTO_INCREMENT,
  `gid` int(11) NOT NULL,
  `cid` int(11) NOT NULL,
  PRIMARY KEY (`id`)
) ENGINE=InnoDB AUTO_INCREMENT=19 DEFAULT CHARSET=utf8;

-- ----------------------------
-- Records of cmdb_ci_usergroup
-- ----------------------------
INSERT INTO `cmdb_ci_usergroup` VALUES ('12', '1', '1');
INSERT INTO `cmdb_ci_usergroup` VALUES ('13', '1', '23');
INSERT INTO `cmdb_ci_usergroup` VALUES ('14', '3', '23');
INSERT INTO `cmdb_ci_usergroup` VALUES ('16', '3', '1');
INSERT INTO `cmdb_ci_usergroup` VALUES ('17', '2', '42');
INSERT INTO `cmdb_ci_usergroup` VALUES ('18', '3', '41');

-- ----------------------------
-- Table structure for django_admin_log
-- ----------------------------
CREATE TABLE IF NOT EXISTS `django_admin_log` (
  `id` int(11) NOT NULL AUTO_INCREMENT,
  `action_time` datetime NOT NULL,
  `object_id` longtext,
  `object_repr` varchar(200) NOT NULL,
  `action_flag` smallint(5) unsigned NOT NULL,
  `change_message` longtext NOT NULL,
  `content_type_id` int(11) DEFAULT NULL,
  `user_id` int(11) NOT NULL,
  PRIMARY KEY (`id`),
  KEY `django_admin_log_content_type_id_c4bce8eb_fk_django_co` (`content_type_id`),
  KEY `django_admin_log_user_id_c564eba6_fk_auth_user_id` (`user_id`),
  CONSTRAINT `django_admin_log_content_type_id_c4bce8eb_fk_django_co` FOREIGN KEY (`content_type_id`) REFERENCES `django_content_type` (`id`),
  CONSTRAINT `django_admin_log_user_id_c564eba6_fk_auth_user_id` FOREIGN KEY (`user_id`) REFERENCES `auth_user` (`id`)
) ENGINE=InnoDB AUTO_INCREMENT=11 DEFAULT CHARSET=utf8;

-- ----------------------------
-- Records of django_admin_log
-- ----------------------------
INSERT INTO `django_admin_log` VALUES ('1', '2017-08-07 10:25:12', '2', 'admin', '2', '[{\"changed\": {\"fields\": [\"password\"]}}]', '4', '2');
INSERT INTO `django_admin_log` VALUES ('2', '2017-08-23 10:37:56', '1', 'guest', '1', '[{\"added\": {}}]', '2', '2');
INSERT INTO `django_admin_log` VALUES ('3', '2017-09-05 03:51:21', '2', '运维一组', '1', '[{\"added\": {}}]', '2', '2');
INSERT INTO `django_admin_log` VALUES ('4', '2017-09-05 03:51:33', '3', '开发一组', '1', '[{\"added\": {}}]', '2', '2');
INSERT INTO `django_admin_log` VALUES ('5', '2017-09-05 03:52:14', '3', 'guopei', '1', '[{\"added\": {}}, {\"added\": {\"name\": \"user info\", \"object\": \"UserInfo object\"}}]', '4', '2');
INSERT INTO `django_admin_log` VALUES ('6', '2017-09-05 03:52:29', '3', 'guopei', '2', '[]', '4', '2');
INSERT INTO `django_admin_log` VALUES ('7', '2017-09-05 03:53:31', '4', 'gaodongdong', '1', '[{\"added\": {}}]', '4', '2');
INSERT INTO `django_admin_log` VALUES ('8', '2017-09-05 03:53:42', '4', 'gaodongdong', '2', '[]', '4', '2');
INSERT INTO `django_admin_log` VALUES ('9', '2017-09-05 03:54:48', '4', 'gaodongdong', '2', '[{\"changed\": {\"fields\": [\"is_staff\"]}}]', '4', '2');
INSERT INTO `django_admin_log` VALUES ('10', '2017-09-05 03:54:57', '3', 'guopei', '2', '[{\"changed\": {\"fields\": [\"is_staff\"]}}]', '4', '2');

-- ----------------------------
-- Table structure for django_content_type
-- ----------------------------
CREATE TABLE IF NOT EXISTS `django_content_type` (
  `id` int(11) NOT NULL AUTO_INCREMENT,
  `app_label` varchar(100) NOT NULL,
  `model` varchar(100) NOT NULL,
  PRIMARY KEY (`id`),
  UNIQUE KEY `django_content_type_app_label_model_76bd3d3b_uniq` (`app_label`,`model`)
) ENGINE=InnoDB AUTO_INCREMENT=14 DEFAULT CHARSET=utf8;

-- ----------------------------
-- Records of django_content_type
-- ----------------------------
INSERT INTO `django_content_type` VALUES ('10', 'account', 'emailaddress');
INSERT INTO `django_content_type` VALUES ('9', 'account', 'emailconfirmation');
INSERT INTO `django_content_type` VALUES ('1', 'admin', 'logentry');
INSERT INTO `django_content_type` VALUES ('2', 'auth', 'group');
INSERT INTO `django_content_type` VALUES ('3', 'auth', 'permission');
INSERT INTO `django_content_type` VALUES ('4', 'auth', 'user');
INSERT INTO `django_content_type` VALUES ('11', 'auths', 'userinfo');
INSERT INTO `django_content_type` VALUES ('7', 'authtoken', 'token');
INSERT INTO `django_content_type` VALUES ('13', 'cmdb', 'ci_user');
INSERT INTO `django_content_type` VALUES ('12', 'cmdb', 'ci_usergroup');
INSERT INTO `django_content_type` VALUES ('5', 'contenttypes', 'contenttype');
INSERT INTO `django_content_type` VALUES ('6', 'sessions', 'session');
INSERT INTO `django_content_type` VALUES ('8', 'sites', 'site');

-- ----------------------------
-- Table structure for django_migrations
-- ----------------------------
CREATE TABLE IF NOT EXISTS `django_migrations` (
  `id` int(11) NOT NULL AUTO_INCREMENT,
  `app` varchar(255) NOT NULL,
  `name` varchar(255) NOT NULL,
  `applied` datetime NOT NULL,
  PRIMARY KEY (`id`)
) ENGINE=InnoDB AUTO_INCREMENT=31 DEFAULT CHARSET=utf8;

-- ----------------------------
-- Records of django_migrations
-- ----------------------------
INSERT INTO `django_migrations` VALUES ('1', 'contenttypes', '0001_initial', '2017-07-31 08:29:31');
INSERT INTO `django_migrations` VALUES ('2', 'auth', '0001_initial', '2017-07-31 08:29:32');
INSERT INTO `django_migrations` VALUES ('3', 'account', '0001_initial', '2017-07-31 08:29:32');
INSERT INTO `django_migrations` VALUES ('4', 'account', '0002_email_max_length', '2017-07-31 08:29:32');
INSERT INTO `django_migrations` VALUES ('5', 'admin', '0001_initial', '2017-07-31 08:29:32');
INSERT INTO `django_migrations` VALUES ('6', 'admin', '0002_logentry_remove_auto_add', '2017-07-31 08:29:32');
INSERT INTO `django_migrations` VALUES ('7', 'contenttypes', '0002_remove_content_type_name', '2017-07-31 08:29:32');
INSERT INTO `django_migrations` VALUES ('8', 'auth', '0002_alter_permission_name_max_length', '2017-07-31 08:29:32');
INSERT INTO `django_migrations` VALUES ('9', 'auth', '0003_alter_user_email_max_length', '2017-07-31 08:29:32');
INSERT INTO `django_migrations` VALUES ('10', 'auth', '0004_alter_user_username_opts', '2017-07-31 08:29:32');
INSERT INTO `django_migrations` VALUES ('11', 'auth', '0005_alter_user_last_login_null', '2017-07-31 08:29:32');
INSERT INTO `django_migrations` VALUES ('12', 'auth', '0006_require_contenttypes_0002', '2017-07-31 08:29:32');
INSERT INTO `django_migrations` VALUES ('13', 'auth', '0007_alter_validators_add_error_messages', '2017-07-31 08:29:32');
INSERT INTO `django_migrations` VALUES ('14', 'auth', '0008_alter_user_username_max_length', '2017-07-31 08:29:32');
INSERT INTO `django_migrations` VALUES ('15', 'auths', '0001_initial', '2017-07-31 08:29:32');
INSERT INTO `django_migrations` VALUES ('16', 'authtoken', '0001_initial', '2017-07-31 08:29:32');
INSERT INTO `django_migrations` VALUES ('17', 'authtoken', '0002_auto_20160226_1747', '2017-07-31 08:29:32');
INSERT INTO `django_migrations` VALUES ('18', 'cmdb', '0001_initial', '2017-07-31 08:29:33');
INSERT INTO `django_migrations` VALUES ('19', 'cmdb', '0002_auto_20170713_1554', '2017-07-31 08:29:33');
INSERT INTO `django_migrations` VALUES ('20', 'cmdb', '0003_auto_20170713_1706', '2017-07-31 08:29:33');
INSERT INTO `django_migrations` VALUES ('21', 'cmdb', '0004_auto_20170713_1807', '2017-07-31 08:29:33');
INSERT INTO `django_migrations` VALUES ('22', 'cmdb', '0005_auto_20170718_1521', '2017-07-31 08:29:33');
INSERT INTO `django_migrations` VALUES ('23', 'cmdb', '0006_auto_20170719_1908', '2017-07-31 08:29:33');
INSERT INTO `django_migrations` VALUES ('24', 'cmdb', '0007_ci_object_virtual_sub_id', '2017-07-31 08:29:33');
INSERT INTO `django_migrations` VALUES ('25', 'cmdb', '0008_ci_attr_keylist', '2017-07-31 08:29:33');
INSERT INTO `django_migrations` VALUES ('26', 'cmdb', '0009_auto_20170731_1628', '2017-07-31 08:29:34');
INSERT INTO `django_migrations` VALUES ('27', 'sessions', '0001_initial', '2017-07-31 08:29:34');
INSERT INTO `django_migrations` VALUES ('28', 'sites', '0001_initial', '2017-07-31 08:29:34');
INSERT INTO `django_migrations` VALUES ('29', 'sites', '0002_alter_domain_unique', '2017-07-31 08:29:34');
INSERT INTO `django_migrations` VALUES ('30', 'cmdb', '0002_auto_20170823_2020', '2017-08-23 12:20:41');

-- ----------------------------
-- Table structure for django_session
-- ----------------------------
CREATE TABLE IF NOT EXISTS `django_session` (
  `session_key` varchar(40) NOT NULL,
  `session_data` longtext NOT NULL,
  `expire_date` datetime NOT NULL,
  PRIMARY KEY (`session_key`),
  KEY `django_session_expire_date_a5c62663` (`expire_date`)
) ENGINE=InnoDB DEFAULT CHARSET=utf8;

-- ----------------------------
-- Records of django_session
-- ----------------------------
INSERT INTO `django_session` VALUES ('02sjji9glvw8bc6zezb89niqc3n4fxhx', 'ZWM2ZDM0NjU3YmViM2Y2MTI2YzA3MmM4ZDk2YTA3MzBiNzIwNDMxNTp7Il9hdXRoX3VzZXJfaWQiOiIyIiwiX2F1dGhfdXNlcl9oYXNoIjoiMzAyMTQyYjA3NzZmYjNkZGUwODRkZGZhZTEzNjcwMDI5MGI3YWU4ZiIsIl9hdXRoX3VzZXJfYmFja2VuZCI6ImRqYW5nby5jb250cmliLmF1dGguYmFja2VuZHMuTW9kZWxCYWNrZW5kIn0=', '2017-09-01 02:59:41');
INSERT INTO `django_session` VALUES ('06nta6wwqlfqx472deyjqzr9vyn2k0kr', 'NGYyYWM1YjFjMDUzMTBiZmQ3NzQzMDFjOWYyNzVmYzBiMDcyNmY0Njp7Il9hdXRoX3VzZXJfaGFzaCI6IjMwMjE0MmIwNzc2ZmIzZGRlMDg0ZGRmYWUxMzY3MDAyOTBiN2FlOGYiLCJfYXV0aF91c2VyX2JhY2tlbmQiOiJkamFuZ28uY29udHJpYi5hdXRoLmJhY2tlbmRzLk1vZGVsQmFja2VuZCIsIl9hdXRoX3VzZXJfaWQiOiIyIn0=', '2017-10-04 09:47:37');
INSERT INTO `django_session` VALUES ('09ynjce7avowfssauc044d7g99j6ae3z', 'NzcwMmRlYTNlYjMzZGJkYzU0NjI5YThhMDFhMDQ3YmMxNzlmMjI5ZDp7Il9hdXRoX3VzZXJfaWQiOiIyIiwiX2F1dGhfdXNlcl9iYWNrZW5kIjoiZGphbmdvLmNvbnRyaWIuYXV0aC5iYWNrZW5kcy5Nb2RlbEJhY2tlbmQiLCJfYXV0aF91c2VyX2hhc2giOiIzMDIxNDJiMDc3NmZiM2RkZTA4NGRkZmFlMTM2NzAwMjkwYjdhZThmIn0=', '2017-09-05 10:12:20');
INSERT INTO `django_session` VALUES ('0gr1o7zq4uqpfzfgws4kw4fnldd90u8q', 'NTQxNTc3ZmRjMTg4NjM3ZmFlZDgwOGYxZDNmNjA3ZTIxOWI0ZmNmODp7Il9hdXRoX3VzZXJfaGFzaCI6IjMwMjE0MmIwNzc2ZmIzZGRlMDg0ZGRmYWUxMzY3MDAyOTBiN2FlOGYiLCJfYXV0aF91c2VyX2lkIjoiMiIsIl9hdXRoX3VzZXJfYmFja2VuZCI6ImRqYW5nby5jb250cmliLmF1dGguYmFja2VuZHMuTW9kZWxCYWNrZW5kIn0=', '2017-09-19 07:00:45');
INSERT INTO `django_session` VALUES ('0i4kbnjw3imvin66dw541cpktpuwn0za', 'NTQxNTc3ZmRjMTg4NjM3ZmFlZDgwOGYxZDNmNjA3ZTIxOWI0ZmNmODp7Il9hdXRoX3VzZXJfaGFzaCI6IjMwMjE0MmIwNzc2ZmIzZGRlMDg0ZGRmYWUxMzY3MDAyOTBiN2FlOGYiLCJfYXV0aF91c2VyX2lkIjoiMiIsIl9hdXRoX3VzZXJfYmFja2VuZCI6ImRqYW5nby5jb250cmliLmF1dGguYmFja2VuZHMuTW9kZWxCYWNrZW5kIn0=', '2017-09-21 03:34:53');
INSERT INTO `django_session` VALUES ('0r2gx4rbhfs4ekkym92wuvf7rog7brnv', 'MjVlOTRhZTZlZWVkNjdlMWI0N2Q4NDBjN2IwZTAyMWIzODRhNzJiNjp7Il9hdXRoX3VzZXJfYmFja2VuZCI6ImRqYW5nby5jb250cmliLmF1dGguYmFja2VuZHMuTW9kZWxCYWNrZW5kIiwiX2F1dGhfdXNlcl9pZCI6IjIiLCJfYXV0aF91c2VyX2hhc2giOiIzMDIxNDJiMDc3NmZiM2RkZTA4NGRkZmFlMTM2NzAwMjkwYjdhZThmIn0=', '2017-09-17 05:57:52');
INSERT INTO `django_session` VALUES ('1bzg6u8tad4nvaq1xtbn1r2z8olgli48', 'NDMwNjUwNjgyODA0Njk3YTBmYjVkOGE5NmY4ZWNjODlhMThhMWVmYjp7Il9hdXRoX3VzZXJfYmFja2VuZCI6ImRqYW5nby5jb250cmliLmF1dGguYmFja2VuZHMuTW9kZWxCYWNrZW5kIiwiX2F1dGhfdXNlcl9oYXNoIjoiMzAyMTQyYjA3NzZmYjNkZGUwODRkZGZhZTEzNjcwMDI5MGI3YWU4ZiIsIl9hdXRoX3VzZXJfaWQiOiIyIn0=', '2017-09-15 10:29:39');
INSERT INTO `django_session` VALUES ('1hng5v1lrv5ymmw7u4zh1e9xlv0lo82q', 'ZWM2ZDM0NjU3YmViM2Y2MTI2YzA3MmM4ZDk2YTA3MzBiNzIwNDMxNTp7Il9hdXRoX3VzZXJfaWQiOiIyIiwiX2F1dGhfdXNlcl9oYXNoIjoiMzAyMTQyYjA3NzZmYjNkZGUwODRkZGZhZTEzNjcwMDI5MGI3YWU4ZiIsIl9hdXRoX3VzZXJfYmFja2VuZCI6ImRqYW5nby5jb250cmliLmF1dGguYmFja2VuZHMuTW9kZWxCYWNrZW5kIn0=', '2017-10-10 07:15:29');
INSERT INTO `django_session` VALUES ('1jfu78fzf2i8mf0dz8bsfqdpbpd3q5g7', 'MjVlOTRhZTZlZWVkNjdlMWI0N2Q4NDBjN2IwZTAyMWIzODRhNzJiNjp7Il9hdXRoX3VzZXJfYmFja2VuZCI6ImRqYW5nby5jb250cmliLmF1dGguYmFja2VuZHMuTW9kZWxCYWNrZW5kIiwiX2F1dGhfdXNlcl9pZCI6IjIiLCJfYXV0aF91c2VyX2hhc2giOiIzMDIxNDJiMDc3NmZiM2RkZTA4NGRkZmFlMTM2NzAwMjkwYjdhZThmIn0=', '2017-09-16 07:40:07');
INSERT INTO `django_session` VALUES ('1nkbkyzkac77hzyktrv1gbx2jxvf9b7h', 'ZWM2ZDM0NjU3YmViM2Y2MTI2YzA3MmM4ZDk2YTA3MzBiNzIwNDMxNTp7Il9hdXRoX3VzZXJfaWQiOiIyIiwiX2F1dGhfdXNlcl9oYXNoIjoiMzAyMTQyYjA3NzZmYjNkZGUwODRkZGZhZTEzNjcwMDI5MGI3YWU4ZiIsIl9hdXRoX3VzZXJfYmFja2VuZCI6ImRqYW5nby5jb250cmliLmF1dGguYmFja2VuZHMuTW9kZWxCYWNrZW5kIn0=', '2017-09-19 09:36:01');
INSERT INTO `django_session` VALUES ('1ull5g353i5cwc0yv25h6si7152b7fuk', 'MjVlOTRhZTZlZWVkNjdlMWI0N2Q4NDBjN2IwZTAyMWIzODRhNzJiNjp7Il9hdXRoX3VzZXJfYmFja2VuZCI6ImRqYW5nby5jb250cmliLmF1dGguYmFja2VuZHMuTW9kZWxCYWNrZW5kIiwiX2F1dGhfdXNlcl9pZCI6IjIiLCJfYXV0aF91c2VyX2hhc2giOiIzMDIxNDJiMDc3NmZiM2RkZTA4NGRkZmFlMTM2NzAwMjkwYjdhZThmIn0=', '2017-09-19 10:28:09');
INSERT INTO `django_session` VALUES ('1zx0ew7cnra4ii79o2rmxqf4tzfm99eh', 'NTQxNTc3ZmRjMTg4NjM3ZmFlZDgwOGYxZDNmNjA3ZTIxOWI0ZmNmODp7Il9hdXRoX3VzZXJfaGFzaCI6IjMwMjE0MmIwNzc2ZmIzZGRlMDg0ZGRmYWUxMzY3MDAyOTBiN2FlOGYiLCJfYXV0aF91c2VyX2lkIjoiMiIsIl9hdXRoX3VzZXJfYmFja2VuZCI6ImRqYW5nby5jb250cmliLmF1dGguYmFja2VuZHMuTW9kZWxCYWNrZW5kIn0=', '2017-09-18 02:47:03');
INSERT INTO `django_session` VALUES ('20941mz12cg4iif6dxkjwca1e7ncsb7b', 'NDMwNjUwNjgyODA0Njk3YTBmYjVkOGE5NmY4ZWNjODlhMThhMWVmYjp7Il9hdXRoX3VzZXJfYmFja2VuZCI6ImRqYW5nby5jb250cmliLmF1dGguYmFja2VuZHMuTW9kZWxCYWNrZW5kIiwiX2F1dGhfdXNlcl9oYXNoIjoiMzAyMTQyYjA3NzZmYjNkZGUwODRkZGZhZTEzNjcwMDI5MGI3YWU4ZiIsIl9hdXRoX3VzZXJfaWQiOiIyIn0=', '2017-09-15 10:25:59');
INSERT INTO `django_session` VALUES ('24ev026dkca9ltevrvw81cgdipagrfu0', 'MjVlOTRhZTZlZWVkNjdlMWI0N2Q4NDBjN2IwZTAyMWIzODRhNzJiNjp7Il9hdXRoX3VzZXJfYmFja2VuZCI6ImRqYW5nby5jb250cmliLmF1dGguYmFja2VuZHMuTW9kZWxCYWNrZW5kIiwiX2F1dGhfdXNlcl9pZCI6IjIiLCJfYXV0aF91c2VyX2hhc2giOiIzMDIxNDJiMDc3NmZiM2RkZTA4NGRkZmFlMTM2NzAwMjkwYjdhZThmIn0=', '2017-08-22 06:22:54');
INSERT INTO `django_session` VALUES ('29ng56kcwva9r2jbcngeblh2d4mop3ws', 'NDMwNjUwNjgyODA0Njk3YTBmYjVkOGE5NmY4ZWNjODlhMThhMWVmYjp7Il9hdXRoX3VzZXJfYmFja2VuZCI6ImRqYW5nby5jb250cmliLmF1dGguYmFja2VuZHMuTW9kZWxCYWNrZW5kIiwiX2F1dGhfdXNlcl9oYXNoIjoiMzAyMTQyYjA3NzZmYjNkZGUwODRkZGZhZTEzNjcwMDI5MGI3YWU4ZiIsIl9hdXRoX3VzZXJfaWQiOiIyIn0=', '2017-10-03 10:08:13');
INSERT INTO `django_session` VALUES ('29p8p550q3hfp4zd1cr8baggs6m4aghc', 'ZWM2ZDM0NjU3YmViM2Y2MTI2YzA3MmM4ZDk2YTA3MzBiNzIwNDMxNTp7Il9hdXRoX3VzZXJfaWQiOiIyIiwiX2F1dGhfdXNlcl9oYXNoIjoiMzAyMTQyYjA3NzZmYjNkZGUwODRkZGZhZTEzNjcwMDI5MGI3YWU4ZiIsIl9hdXRoX3VzZXJfYmFja2VuZCI6ImRqYW5nby5jb250cmliLmF1dGguYmFja2VuZHMuTW9kZWxCYWNrZW5kIn0=', '2017-08-31 07:33:23');
INSERT INTO `django_session` VALUES ('29z34iq09nvlbrmv90t7jexnh0btkgeg', 'MjVlOTRhZTZlZWVkNjdlMWI0N2Q4NDBjN2IwZTAyMWIzODRhNzJiNjp7Il9hdXRoX3VzZXJfYmFja2VuZCI6ImRqYW5nby5jb250cmliLmF1dGguYmFja2VuZHMuTW9kZWxCYWNrZW5kIiwiX2F1dGhfdXNlcl9pZCI6IjIiLCJfYXV0aF91c2VyX2hhc2giOiIzMDIxNDJiMDc3NmZiM2RkZTA4NGRkZmFlMTM2NzAwMjkwYjdhZThmIn0=', '2017-09-15 04:28:20');
INSERT INTO `django_session` VALUES ('2blyldhpnaosa3xe8cn0lvmbmrhb9cpn', 'MjVlOTRhZTZlZWVkNjdlMWI0N2Q4NDBjN2IwZTAyMWIzODRhNzJiNjp7Il9hdXRoX3VzZXJfYmFja2VuZCI6ImRqYW5nby5jb250cmliLmF1dGguYmFja2VuZHMuTW9kZWxCYWNrZW5kIiwiX2F1dGhfdXNlcl9pZCI6IjIiLCJfYXV0aF91c2VyX2hhc2giOiIzMDIxNDJiMDc3NmZiM2RkZTA4NGRkZmFlMTM2NzAwMjkwYjdhZThmIn0=', '2017-10-09 03:05:31');
INSERT INTO `django_session` VALUES ('2w7elzwqqn8cdnuwfxzsejr9xy9vexzy', 'ZWM2ZDM0NjU3YmViM2Y2MTI2YzA3MmM4ZDk2YTA3MzBiNzIwNDMxNTp7Il9hdXRoX3VzZXJfaWQiOiIyIiwiX2F1dGhfdXNlcl9oYXNoIjoiMzAyMTQyYjA3NzZmYjNkZGUwODRkZGZhZTEzNjcwMDI5MGI3YWU4ZiIsIl9hdXRoX3VzZXJfYmFja2VuZCI6ImRqYW5nby5jb250cmliLmF1dGguYmFja2VuZHMuTW9kZWxCYWNrZW5kIn0=', '2017-09-04 03:01:21');
INSERT INTO `django_session` VALUES ('2xgyd6czp6hgiys2y4yv2n4961wl5i21', 'NzcwMmRlYTNlYjMzZGJkYzU0NjI5YThhMDFhMDQ3YmMxNzlmMjI5ZDp7Il9hdXRoX3VzZXJfaWQiOiIyIiwiX2F1dGhfdXNlcl9iYWNrZW5kIjoiZGphbmdvLmNvbnRyaWIuYXV0aC5iYWNrZW5kcy5Nb2RlbEJhY2tlbmQiLCJfYXV0aF91c2VyX2hhc2giOiIzMDIxNDJiMDc3NmZiM2RkZTA4NGRkZmFlMTM2NzAwMjkwYjdhZThmIn0=', '2017-10-05 04:19:25');
INSERT INTO `django_session` VALUES ('34jo0f5b3thq2152a1w63hzk69ln3oeb', 'NGYyYWM1YjFjMDUzMTBiZmQ3NzQzMDFjOWYyNzVmYzBiMDcyNmY0Njp7Il9hdXRoX3VzZXJfaGFzaCI6IjMwMjE0MmIwNzc2ZmIzZGRlMDg0ZGRmYWUxMzY3MDAyOTBiN2FlOGYiLCJfYXV0aF91c2VyX2JhY2tlbmQiOiJkamFuZ28uY29udHJpYi5hdXRoLmJhY2tlbmRzLk1vZGVsQmFja2VuZCIsIl9hdXRoX3VzZXJfaWQiOiIyIn0=', '2017-09-21 07:53:55');
INSERT INTO `django_session` VALUES ('360g0fqjqswlb5fabn2cwjyzkf4hb9dn', 'ZWM2ZDM0NjU3YmViM2Y2MTI2YzA3MmM4ZDk2YTA3MzBiNzIwNDMxNTp7Il9hdXRoX3VzZXJfaWQiOiIyIiwiX2F1dGhfdXNlcl9oYXNoIjoiMzAyMTQyYjA3NzZmYjNkZGUwODRkZGZhZTEzNjcwMDI5MGI3YWU4ZiIsIl9hdXRoX3VzZXJfYmFja2VuZCI6ImRqYW5nby5jb250cmliLmF1dGguYmFja2VuZHMuTW9kZWxCYWNrZW5kIn0=', '2017-09-21 04:12:04');
INSERT INTO `django_session` VALUES ('3mbu69xu42opy2ccqmz3fmhmejz5vuvx', 'MjVlOTRhZTZlZWVkNjdlMWI0N2Q4NDBjN2IwZTAyMWIzODRhNzJiNjp7Il9hdXRoX3VzZXJfYmFja2VuZCI6ImRqYW5nby5jb250cmliLmF1dGguYmFja2VuZHMuTW9kZWxCYWNrZW5kIiwiX2F1dGhfdXNlcl9pZCI6IjIiLCJfYXV0aF91c2VyX2hhc2giOiIzMDIxNDJiMDc3NmZiM2RkZTA4NGRkZmFlMTM2NzAwMjkwYjdhZThmIn0=', '2017-09-17 08:01:10');
INSERT INTO `django_session` VALUES ('3mtq7y38nrfubovpifqz2mpz3tevv1le', 'MjVlOTRhZTZlZWVkNjdlMWI0N2Q4NDBjN2IwZTAyMWIzODRhNzJiNjp7Il9hdXRoX3VzZXJfYmFja2VuZCI6ImRqYW5nby5jb250cmliLmF1dGguYmFja2VuZHMuTW9kZWxCYWNrZW5kIiwiX2F1dGhfdXNlcl9pZCI6IjIiLCJfYXV0aF91c2VyX2hhc2giOiIzMDIxNDJiMDc3NmZiM2RkZTA4NGRkZmFlMTM2NzAwMjkwYjdhZThmIn0=', '2017-10-10 02:59:41');
INSERT INTO `django_session` VALUES ('3tm83bznclargods2f2r56d1o19qvril', 'MjVlOTRhZTZlZWVkNjdlMWI0N2Q4NDBjN2IwZTAyMWIzODRhNzJiNjp7Il9hdXRoX3VzZXJfYmFja2VuZCI6ImRqYW5nby5jb250cmliLmF1dGguYmFja2VuZHMuTW9kZWxCYWNrZW5kIiwiX2F1dGhfdXNlcl9pZCI6IjIiLCJfYXV0aF91c2VyX2hhc2giOiIzMDIxNDJiMDc3NmZiM2RkZTA4NGRkZmFlMTM2NzAwMjkwYjdhZThmIn0=', '2017-08-28 08:25:27');
INSERT INTO `django_session` VALUES ('3z8y5fmnhoth8e9er4kqb0rpm5wculy0', 'MjVlOTRhZTZlZWVkNjdlMWI0N2Q4NDBjN2IwZTAyMWIzODRhNzJiNjp7Il9hdXRoX3VzZXJfYmFja2VuZCI6ImRqYW5nby5jb250cmliLmF1dGguYmFja2VuZHMuTW9kZWxCYWNrZW5kIiwiX2F1dGhfdXNlcl9pZCI6IjIiLCJfYXV0aF91c2VyX2hhc2giOiIzMDIxNDJiMDc3NmZiM2RkZTA4NGRkZmFlMTM2NzAwMjkwYjdhZThmIn0=', '2017-09-15 04:30:08');
INSERT INTO `django_session` VALUES ('4bs6tlren0758gcxcfgifua3q65plelh', 'ZWM2ZDM0NjU3YmViM2Y2MTI2YzA3MmM4ZDk2YTA3MzBiNzIwNDMxNTp7Il9hdXRoX3VzZXJfaWQiOiIyIiwiX2F1dGhfdXNlcl9oYXNoIjoiMzAyMTQyYjA3NzZmYjNkZGUwODRkZGZhZTEzNjcwMDI5MGI3YWU4ZiIsIl9hdXRoX3VzZXJfYmFja2VuZCI6ImRqYW5nby5jb250cmliLmF1dGguYmFja2VuZHMuTW9kZWxCYWNrZW5kIn0=', '2017-09-04 08:14:30');
INSERT INTO `django_session` VALUES ('4ipnnarlbcjxctrbgqgzb27kgwg7zyhb', 'NTQxNTc3ZmRjMTg4NjM3ZmFlZDgwOGYxZDNmNjA3ZTIxOWI0ZmNmODp7Il9hdXRoX3VzZXJfaGFzaCI6IjMwMjE0MmIwNzc2ZmIzZGRlMDg0ZGRmYWUxMzY3MDAyOTBiN2FlOGYiLCJfYXV0aF91c2VyX2lkIjoiMiIsIl9hdXRoX3VzZXJfYmFja2VuZCI6ImRqYW5nby5jb250cmliLmF1dGguYmFja2VuZHMuTW9kZWxCYWNrZW5kIn0=', '2017-09-18 12:26:41');
INSERT INTO `django_session` VALUES ('4jm4thsf7gjfmabkmkvs50rxjycz266s', 'NGYyYWM1YjFjMDUzMTBiZmQ3NzQzMDFjOWYyNzVmYzBiMDcyNmY0Njp7Il9hdXRoX3VzZXJfaGFzaCI6IjMwMjE0MmIwNzc2ZmIzZGRlMDg0ZGRmYWUxMzY3MDAyOTBiN2FlOGYiLCJfYXV0aF91c2VyX2JhY2tlbmQiOiJkamFuZ28uY29udHJpYi5hdXRoLmJhY2tlbmRzLk1vZGVsQmFja2VuZCIsIl9hdXRoX3VzZXJfaWQiOiIyIn0=', '2017-09-18 02:36:00');
INSERT INTO `django_session` VALUES ('4lpp35wk1r1kcce8q4k2ab9tzsltc0oo', 'NGYyYWM1YjFjMDUzMTBiZmQ3NzQzMDFjOWYyNzVmYzBiMDcyNmY0Njp7Il9hdXRoX3VzZXJfaGFzaCI6IjMwMjE0MmIwNzc2ZmIzZGRlMDg0ZGRmYWUxMzY3MDAyOTBiN2FlOGYiLCJfYXV0aF91c2VyX2JhY2tlbmQiOiJkamFuZ28uY29udHJpYi5hdXRoLmJhY2tlbmRzLk1vZGVsQmFja2VuZCIsIl9hdXRoX3VzZXJfaWQiOiIyIn0=', '2017-09-20 03:56:45');
INSERT INTO `django_session` VALUES ('4o52injm31mmvnz0s3t129qv3kj2b2zq', 'NGYyYWM1YjFjMDUzMTBiZmQ3NzQzMDFjOWYyNzVmYzBiMDcyNmY0Njp7Il9hdXRoX3VzZXJfaGFzaCI6IjMwMjE0MmIwNzc2ZmIzZGRlMDg0ZGRmYWUxMzY3MDAyOTBiN2FlOGYiLCJfYXV0aF91c2VyX2JhY2tlbmQiOiJkamFuZ28uY29udHJpYi5hdXRoLmJhY2tlbmRzLk1vZGVsQmFja2VuZCIsIl9hdXRoX3VzZXJfaWQiOiIyIn0=', '2017-10-13 02:55:17');
INSERT INTO `django_session` VALUES ('4prj5v50g6l0exb55t5jqz16h413eibf', 'MjVlOTRhZTZlZWVkNjdlMWI0N2Q4NDBjN2IwZTAyMWIzODRhNzJiNjp7Il9hdXRoX3VzZXJfYmFja2VuZCI6ImRqYW5nby5jb250cmliLmF1dGguYmFja2VuZHMuTW9kZWxCYWNrZW5kIiwiX2F1dGhfdXNlcl9pZCI6IjIiLCJfYXV0aF91c2VyX2hhc2giOiIzMDIxNDJiMDc3NmZiM2RkZTA4NGRkZmFlMTM2NzAwMjkwYjdhZThmIn0=', '2017-09-16 09:01:57');
INSERT INTO `django_session` VALUES ('4twmeajwa8pxdykmi5psjo4apyx7eylr', 'ZWM2ZDM0NjU3YmViM2Y2MTI2YzA3MmM4ZDk2YTA3MzBiNzIwNDMxNTp7Il9hdXRoX3VzZXJfaWQiOiIyIiwiX2F1dGhfdXNlcl9oYXNoIjoiMzAyMTQyYjA3NzZmYjNkZGUwODRkZGZhZTEzNjcwMDI5MGI3YWU4ZiIsIl9hdXRoX3VzZXJfYmFja2VuZCI6ImRqYW5nby5jb250cmliLmF1dGguYmFja2VuZHMuTW9kZWxCYWNrZW5kIn0=', '2017-09-01 02:44:04');
INSERT INTO `django_session` VALUES ('4v5isa5lf18t99deaqtroh0156s4x1bs', 'ZWM2ZDM0NjU3YmViM2Y2MTI2YzA3MmM4ZDk2YTA3MzBiNzIwNDMxNTp7Il9hdXRoX3VzZXJfaWQiOiIyIiwiX2F1dGhfdXNlcl9oYXNoIjoiMzAyMTQyYjA3NzZmYjNkZGUwODRkZGZhZTEzNjcwMDI5MGI3YWU4ZiIsIl9hdXRoX3VzZXJfYmFja2VuZCI6ImRqYW5nby5jb250cmliLmF1dGguYmFja2VuZHMuTW9kZWxCYWNrZW5kIn0=', '2017-09-05 09:58:43');
INSERT INTO `django_session` VALUES ('59oawv6nd37aaze98jocdpx5ab5s3ic4', 'MjVlOTRhZTZlZWVkNjdlMWI0N2Q4NDBjN2IwZTAyMWIzODRhNzJiNjp7Il9hdXRoX3VzZXJfYmFja2VuZCI6ImRqYW5nby5jb250cmliLmF1dGguYmFja2VuZHMuTW9kZWxCYWNrZW5kIiwiX2F1dGhfdXNlcl9pZCI6IjIiLCJfYXV0aF91c2VyX2hhc2giOiIzMDIxNDJiMDc3NmZiM2RkZTA4NGRkZmFlMTM2NzAwMjkwYjdhZThmIn0=', '2017-10-13 10:32:27');
INSERT INTO `django_session` VALUES ('5bx2msdchpl7idnvfrhenzzjizx7bz18', 'MjVlOTRhZTZlZWVkNjdlMWI0N2Q4NDBjN2IwZTAyMWIzODRhNzJiNjp7Il9hdXRoX3VzZXJfYmFja2VuZCI6ImRqYW5nby5jb250cmliLmF1dGguYmFja2VuZHMuTW9kZWxCYWNrZW5kIiwiX2F1dGhfdXNlcl9pZCI6IjIiLCJfYXV0aF91c2VyX2hhc2giOiIzMDIxNDJiMDc3NmZiM2RkZTA4NGRkZmFlMTM2NzAwMjkwYjdhZThmIn0=', '2017-08-31 03:50:32');
INSERT INTO `django_session` VALUES ('5vf9cwpt1sjferuwfju978kl2aye60yw', 'NTQxNTc3ZmRjMTg4NjM3ZmFlZDgwOGYxZDNmNjA3ZTIxOWI0ZmNmODp7Il9hdXRoX3VzZXJfaGFzaCI6IjMwMjE0MmIwNzc2ZmIzZGRlMDg0ZGRmYWUxMzY3MDAyOTBiN2FlOGYiLCJfYXV0aF91c2VyX2lkIjoiMiIsIl9hdXRoX3VzZXJfYmFja2VuZCI6ImRqYW5nby5jb250cmliLmF1dGguYmFja2VuZHMuTW9kZWxCYWNrZW5kIn0=', '2017-09-19 07:19:19');
INSERT INTO `django_session` VALUES ('5vkslv2d3zxrkjexgct68wkzjcpbevhe', 'NTQxNTc3ZmRjMTg4NjM3ZmFlZDgwOGYxZDNmNjA3ZTIxOWI0ZmNmODp7Il9hdXRoX3VzZXJfaGFzaCI6IjMwMjE0MmIwNzc2ZmIzZGRlMDg0ZGRmYWUxMzY3MDAyOTBiN2FlOGYiLCJfYXV0aF91c2VyX2lkIjoiMiIsIl9hdXRoX3VzZXJfYmFja2VuZCI6ImRqYW5nby5jb250cmliLmF1dGguYmFja2VuZHMuTW9kZWxCYWNrZW5kIn0=', '2017-09-18 12:50:04');
INSERT INTO `django_session` VALUES ('5xsshdp89ry5atnoo9jh3h6ilperii5i', 'NGYyYWM1YjFjMDUzMTBiZmQ3NzQzMDFjOWYyNzVmYzBiMDcyNmY0Njp7Il9hdXRoX3VzZXJfaGFzaCI6IjMwMjE0MmIwNzc2ZmIzZGRlMDg0ZGRmYWUxMzY3MDAyOTBiN2FlOGYiLCJfYXV0aF91c2VyX2JhY2tlbmQiOiJkamFuZ28uY29udHJpYi5hdXRoLmJhY2tlbmRzLk1vZGVsQmFja2VuZCIsIl9hdXRoX3VzZXJfaWQiOiIyIn0=', '2017-10-04 09:36:04');
INSERT INTO `django_session` VALUES ('685gge0kjn1y0r4o5s0hugtz5jvcecxq', 'MjVlOTRhZTZlZWVkNjdlMWI0N2Q4NDBjN2IwZTAyMWIzODRhNzJiNjp7Il9hdXRoX3VzZXJfYmFja2VuZCI6ImRqYW5nby5jb250cmliLmF1dGguYmFja2VuZHMuTW9kZWxCYWNrZW5kIiwiX2F1dGhfdXNlcl9pZCI6IjIiLCJfYXV0aF91c2VyX2hhc2giOiIzMDIxNDJiMDc3NmZiM2RkZTA4NGRkZmFlMTM2NzAwMjkwYjdhZThmIn0=', '2017-09-25 03:28:47');
INSERT INTO `django_session` VALUES ('6b6swv4xh2xfkq8emmphtqu591fpiv6x', 'NTQxNTc3ZmRjMTg4NjM3ZmFlZDgwOGYxZDNmNjA3ZTIxOWI0ZmNmODp7Il9hdXRoX3VzZXJfaGFzaCI6IjMwMjE0MmIwNzc2ZmIzZGRlMDg0ZGRmYWUxMzY3MDAyOTBiN2FlOGYiLCJfYXV0aF91c2VyX2lkIjoiMiIsIl9hdXRoX3VzZXJfYmFja2VuZCI6ImRqYW5nby5jb250cmliLmF1dGguYmFja2VuZHMuTW9kZWxCYWNrZW5kIn0=', '2017-09-20 07:09:04');
INSERT INTO `django_session` VALUES ('6czbtvb1hhrrhchuiph7npotgoecjaxj', 'ZWM2ZDM0NjU3YmViM2Y2MTI2YzA3MmM4ZDk2YTA3MzBiNzIwNDMxNTp7Il9hdXRoX3VzZXJfaWQiOiIyIiwiX2F1dGhfdXNlcl9oYXNoIjoiMzAyMTQyYjA3NzZmYjNkZGUwODRkZGZhZTEzNjcwMDI5MGI3YWU4ZiIsIl9hdXRoX3VzZXJfYmFja2VuZCI6ImRqYW5nby5jb250cmliLmF1dGguYmFja2VuZHMuTW9kZWxCYWNrZW5kIn0=', '2017-10-10 03:57:27');
INSERT INTO `django_session` VALUES ('6ekg3degtjpi710ti7hlaq1emvqre4ca', 'NDMwNjUwNjgyODA0Njk3YTBmYjVkOGE5NmY4ZWNjODlhMThhMWVmYjp7Il9hdXRoX3VzZXJfYmFja2VuZCI6ImRqYW5nby5jb250cmliLmF1dGguYmFja2VuZHMuTW9kZWxCYWNrZW5kIiwiX2F1dGhfdXNlcl9oYXNoIjoiMzAyMTQyYjA3NzZmYjNkZGUwODRkZGZhZTEzNjcwMDI5MGI3YWU4ZiIsIl9hdXRoX3VzZXJfaWQiOiIyIn0=', '2017-09-28 12:43:35');
INSERT INTO `django_session` VALUES ('6f20f2l3tu9fba43q6e6wdwtze6alqty', 'MjVlOTRhZTZlZWVkNjdlMWI0N2Q4NDBjN2IwZTAyMWIzODRhNzJiNjp7Il9hdXRoX3VzZXJfYmFja2VuZCI6ImRqYW5nby5jb250cmliLmF1dGguYmFja2VuZHMuTW9kZWxCYWNrZW5kIiwiX2F1dGhfdXNlcl9pZCI6IjIiLCJfYXV0aF91c2VyX2hhc2giOiIzMDIxNDJiMDc3NmZiM2RkZTA4NGRkZmFlMTM2NzAwMjkwYjdhZThmIn0=', '2017-09-15 04:14:27');
INSERT INTO `django_session` VALUES ('6r4zpb2t0jsf7r0n5b170x1ogzbj25ct', 'MjVlOTRhZTZlZWVkNjdlMWI0N2Q4NDBjN2IwZTAyMWIzODRhNzJiNjp7Il9hdXRoX3VzZXJfYmFja2VuZCI6ImRqYW5nby5jb250cmliLmF1dGguYmFja2VuZHMuTW9kZWxCYWNrZW5kIiwiX2F1dGhfdXNlcl9pZCI6IjIiLCJfYXV0aF91c2VyX2hhc2giOiIzMDIxNDJiMDc3NmZiM2RkZTA4NGRkZmFlMTM2NzAwMjkwYjdhZThmIn0=', '2017-10-06 06:58:54');
INSERT INTO `django_session` VALUES ('6t0ubicvttdvswaek91owklesaq3th00', 'NzcwMmRlYTNlYjMzZGJkYzU0NjI5YThhMDFhMDQ3YmMxNzlmMjI5ZDp7Il9hdXRoX3VzZXJfaWQiOiIyIiwiX2F1dGhfdXNlcl9iYWNrZW5kIjoiZGphbmdvLmNvbnRyaWIuYXV0aC5iYWNrZW5kcy5Nb2RlbEJhY2tlbmQiLCJfYXV0aF91c2VyX2hhc2giOiIzMDIxNDJiMDc3NmZiM2RkZTA4NGRkZmFlMTM2NzAwMjkwYjdhZThmIn0=', '2017-09-06 02:17:25');
INSERT INTO `django_session` VALUES ('6vw224af6rjcvlo7qfapm032vs8ptfp2', 'NTQxNTc3ZmRjMTg4NjM3ZmFlZDgwOGYxZDNmNjA3ZTIxOWI0ZmNmODp7Il9hdXRoX3VzZXJfaGFzaCI6IjMwMjE0MmIwNzc2ZmIzZGRlMDg0ZGRmYWUxMzY3MDAyOTBiN2FlOGYiLCJfYXV0aF91c2VyX2lkIjoiMiIsIl9hdXRoX3VzZXJfYmFja2VuZCI6ImRqYW5nby5jb250cmliLmF1dGguYmFja2VuZHMuTW9kZWxCYWNrZW5kIn0=', '2017-09-18 02:40:04');
INSERT INTO `django_session` VALUES ('7ep67drsjq8pdhdv1tunueqko0badlji', 'NDMwNjUwNjgyODA0Njk3YTBmYjVkOGE5NmY4ZWNjODlhMThhMWVmYjp7Il9hdXRoX3VzZXJfYmFja2VuZCI6ImRqYW5nby5jb250cmliLmF1dGguYmFja2VuZHMuTW9kZWxCYWNrZW5kIiwiX2F1dGhfdXNlcl9oYXNoIjoiMzAyMTQyYjA3NzZmYjNkZGUwODRkZGZhZTEzNjcwMDI5MGI3YWU4ZiIsIl9hdXRoX3VzZXJfaWQiOiIyIn0=', '2017-09-14 10:46:48');
INSERT INTO `django_session` VALUES ('7hfiaadk4rdsjd9y6cpwky6oj1vm46lp', 'NDMwNjUwNjgyODA0Njk3YTBmYjVkOGE5NmY4ZWNjODlhMThhMWVmYjp7Il9hdXRoX3VzZXJfYmFja2VuZCI6ImRqYW5nby5jb250cmliLmF1dGguYmFja2VuZHMuTW9kZWxCYWNrZW5kIiwiX2F1dGhfdXNlcl9oYXNoIjoiMzAyMTQyYjA3NzZmYjNkZGUwODRkZGZhZTEzNjcwMDI5MGI3YWU4ZiIsIl9hdXRoX3VzZXJfaWQiOiIyIn0=', '2017-09-15 07:29:45');
INSERT INTO `django_session` VALUES ('7rw3yccznpiwynv2kj251yduckz5klt7', 'NDMwNjUwNjgyODA0Njk3YTBmYjVkOGE5NmY4ZWNjODlhMThhMWVmYjp7Il9hdXRoX3VzZXJfYmFja2VuZCI6ImRqYW5nby5jb250cmliLmF1dGguYmFja2VuZHMuTW9kZWxCYWNrZW5kIiwiX2F1dGhfdXNlcl9oYXNoIjoiMzAyMTQyYjA3NzZmYjNkZGUwODRkZGZhZTEzNjcwMDI5MGI3YWU4ZiIsIl9hdXRoX3VzZXJfaWQiOiIyIn0=', '2017-10-09 04:03:10');
INSERT INTO `django_session` VALUES ('7xji6xtvnxw4j3492e7dfis4csm57nqc', 'MjVlOTRhZTZlZWVkNjdlMWI0N2Q4NDBjN2IwZTAyMWIzODRhNzJiNjp7Il9hdXRoX3VzZXJfYmFja2VuZCI6ImRqYW5nby5jb250cmliLmF1dGguYmFja2VuZHMuTW9kZWxCYWNrZW5kIiwiX2F1dGhfdXNlcl9pZCI6IjIiLCJfYXV0aF91c2VyX2hhc2giOiIzMDIxNDJiMDc3NmZiM2RkZTA4NGRkZmFlMTM2NzAwMjkwYjdhZThmIn0=', '2017-10-05 03:58:17');
INSERT INTO `django_session` VALUES ('7ygw2kf1ag5f5u993odkyhxvolzk6ava', 'NTQxNTc3ZmRjMTg4NjM3ZmFlZDgwOGYxZDNmNjA3ZTIxOWI0ZmNmODp7Il9hdXRoX3VzZXJfaGFzaCI6IjMwMjE0MmIwNzc2ZmIzZGRlMDg0ZGRmYWUxMzY3MDAyOTBiN2FlOGYiLCJfYXV0aF91c2VyX2lkIjoiMiIsIl9hdXRoX3VzZXJfYmFja2VuZCI6ImRqYW5nby5jb250cmliLmF1dGguYmFja2VuZHMuTW9kZWxCYWNrZW5kIn0=', '2017-09-26 09:20:23');
INSERT INTO `django_session` VALUES ('8flzghcwih0fo2r7jud0ivh85exyc70k', 'NTQxNTc3ZmRjMTg4NjM3ZmFlZDgwOGYxZDNmNjA3ZTIxOWI0ZmNmODp7Il9hdXRoX3VzZXJfaGFzaCI6IjMwMjE0MmIwNzc2ZmIzZGRlMDg0ZGRmYWUxMzY3MDAyOTBiN2FlOGYiLCJfYXV0aF91c2VyX2lkIjoiMiIsIl9hdXRoX3VzZXJfYmFja2VuZCI6ImRqYW5nby5jb250cmliLmF1dGguYmFja2VuZHMuTW9kZWxCYWNrZW5kIn0=', '2017-09-26 03:38:57');
INSERT INTO `django_session` VALUES ('8gxxlc8bmexe6shi583je40hm5mistvj', 'NDMwNjUwNjgyODA0Njk3YTBmYjVkOGE5NmY4ZWNjODlhMThhMWVmYjp7Il9hdXRoX3VzZXJfYmFja2VuZCI6ImRqYW5nby5jb250cmliLmF1dGguYmFja2VuZHMuTW9kZWxCYWNrZW5kIiwiX2F1dGhfdXNlcl9oYXNoIjoiMzAyMTQyYjA3NzZmYjNkZGUwODRkZGZhZTEzNjcwMDI5MGI3YWU4ZiIsIl9hdXRoX3VzZXJfaWQiOiIyIn0=', '2017-10-09 03:15:30');
INSERT INTO `django_session` VALUES ('8lhtu40xdcbzsb691bsc6d5g4xzpwzq7', 'NDMwNjUwNjgyODA0Njk3YTBmYjVkOGE5NmY4ZWNjODlhMThhMWVmYjp7Il9hdXRoX3VzZXJfYmFja2VuZCI6ImRqYW5nby5jb250cmliLmF1dGguYmFja2VuZHMuTW9kZWxCYWNrZW5kIiwiX2F1dGhfdXNlcl9oYXNoIjoiMzAyMTQyYjA3NzZmYjNkZGUwODRkZGZhZTEzNjcwMDI5MGI3YWU4ZiIsIl9hdXRoX3VzZXJfaWQiOiIyIn0=', '2017-09-23 02:40:24');
INSERT INTO `django_session` VALUES ('8n775p4pcbafhsqeq3cav5c5u5bc3bng', 'ZWM2ZDM0NjU3YmViM2Y2MTI2YzA3MmM4ZDk2YTA3MzBiNzIwNDMxNTp7Il9hdXRoX3VzZXJfaWQiOiIyIiwiX2F1dGhfdXNlcl9oYXNoIjoiMzAyMTQyYjA3NzZmYjNkZGUwODRkZGZhZTEzNjcwMDI5MGI3YWU4ZiIsIl9hdXRoX3VzZXJfYmFja2VuZCI6ImRqYW5nby5jb250cmliLmF1dGguYmFja2VuZHMuTW9kZWxCYWNrZW5kIn0=', '2017-09-25 07:07:29');
INSERT INTO `django_session` VALUES ('8t3fvup4avf0668f5vl3bdk5x1w824ex', 'ZWM2ZDM0NjU3YmViM2Y2MTI2YzA3MmM4ZDk2YTA3MzBiNzIwNDMxNTp7Il9hdXRoX3VzZXJfaWQiOiIyIiwiX2F1dGhfdXNlcl9oYXNoIjoiMzAyMTQyYjA3NzZmYjNkZGUwODRkZGZhZTEzNjcwMDI5MGI3YWU4ZiIsIl9hdXRoX3VzZXJfYmFja2VuZCI6ImRqYW5nby5jb250cmliLmF1dGguYmFja2VuZHMuTW9kZWxCYWNrZW5kIn0=', '2017-10-09 06:47:26');
INSERT INTO `django_session` VALUES ('8tcp1a2qzbbv096xhv2krkp68tdjoahm', 'ZWM2ZDM0NjU3YmViM2Y2MTI2YzA3MmM4ZDk2YTA3MzBiNzIwNDMxNTp7Il9hdXRoX3VzZXJfaWQiOiIyIiwiX2F1dGhfdXNlcl9oYXNoIjoiMzAyMTQyYjA3NzZmYjNkZGUwODRkZGZhZTEzNjcwMDI5MGI3YWU4ZiIsIl9hdXRoX3VzZXJfYmFja2VuZCI6ImRqYW5nby5jb250cmliLmF1dGguYmFja2VuZHMuTW9kZWxCYWNrZW5kIn0=', '2017-09-27 07:25:32');
INSERT INTO `django_session` VALUES ('8z10iiolohsgby7vudlckbdai3le43zf', 'ZWM2ZDM0NjU3YmViM2Y2MTI2YzA3MmM4ZDk2YTA3MzBiNzIwNDMxNTp7Il9hdXRoX3VzZXJfaWQiOiIyIiwiX2F1dGhfdXNlcl9oYXNoIjoiMzAyMTQyYjA3NzZmYjNkZGUwODRkZGZhZTEzNjcwMDI5MGI3YWU4ZiIsIl9hdXRoX3VzZXJfYmFja2VuZCI6ImRqYW5nby5jb250cmliLmF1dGguYmFja2VuZHMuTW9kZWxCYWNrZW5kIn0=', '2017-09-20 02:58:04');
INSERT INTO `django_session` VALUES ('8zmak5pbo0vu9j1yg97wqwyqcmmwwpyq', 'NTQxNTc3ZmRjMTg4NjM3ZmFlZDgwOGYxZDNmNjA3ZTIxOWI0ZmNmODp7Il9hdXRoX3VzZXJfaGFzaCI6IjMwMjE0MmIwNzc2ZmIzZGRlMDg0ZGRmYWUxMzY3MDAyOTBiN2FlOGYiLCJfYXV0aF91c2VyX2lkIjoiMiIsIl9hdXRoX3VzZXJfYmFja2VuZCI6ImRqYW5nby5jb250cmliLmF1dGguYmFja2VuZHMuTW9kZWxCYWNrZW5kIn0=', '2017-09-18 02:41:34');
INSERT INTO `django_session` VALUES ('949xmvift0p48r6vpgtaysq5avpqjszb', 'NTQxNTc3ZmRjMTg4NjM3ZmFlZDgwOGYxZDNmNjA3ZTIxOWI0ZmNmODp7Il9hdXRoX3VzZXJfaGFzaCI6IjMwMjE0MmIwNzc2ZmIzZGRlMDg0ZGRmYWUxMzY3MDAyOTBiN2FlOGYiLCJfYXV0aF91c2VyX2lkIjoiMiIsIl9hdXRoX3VzZXJfYmFja2VuZCI6ImRqYW5nby5jb250cmliLmF1dGguYmFja2VuZHMuTW9kZWxCYWNrZW5kIn0=', '2017-09-18 12:45:39');
INSERT INTO `django_session` VALUES ('96jw8xmqmdxz420i6zrj4auljlnmtbv3', 'NTQxNTc3ZmRjMTg4NjM3ZmFlZDgwOGYxZDNmNjA3ZTIxOWI0ZmNmODp7Il9hdXRoX3VzZXJfaGFzaCI6IjMwMjE0MmIwNzc2ZmIzZGRlMDg0ZGRmYWUxMzY3MDAyOTBiN2FlOGYiLCJfYXV0aF91c2VyX2lkIjoiMiIsIl9hdXRoX3VzZXJfYmFja2VuZCI6ImRqYW5nby5jb250cmliLmF1dGguYmFja2VuZHMuTW9kZWxCYWNrZW5kIn0=', '2017-09-20 07:24:34');
INSERT INTO `django_session` VALUES ('97k6ybbyaed63wns18izirkp7pqlkasr', 'NGYyYWM1YjFjMDUzMTBiZmQ3NzQzMDFjOWYyNzVmYzBiMDcyNmY0Njp7Il9hdXRoX3VzZXJfaGFzaCI6IjMwMjE0MmIwNzc2ZmIzZGRlMDg0ZGRmYWUxMzY3MDAyOTBiN2FlOGYiLCJfYXV0aF91c2VyX2JhY2tlbmQiOiJkamFuZ28uY29udHJpYi5hdXRoLmJhY2tlbmRzLk1vZGVsQmFja2VuZCIsIl9hdXRoX3VzZXJfaWQiOiIyIn0=', '2017-09-14 02:37:23');
INSERT INTO `django_session` VALUES ('9djlm0m3fwx34ngzqfbx2a55ooh0u8yf', 'MjVlOTRhZTZlZWVkNjdlMWI0N2Q4NDBjN2IwZTAyMWIzODRhNzJiNjp7Il9hdXRoX3VzZXJfYmFja2VuZCI6ImRqYW5nby5jb250cmliLmF1dGguYmFja2VuZHMuTW9kZWxCYWNrZW5kIiwiX2F1dGhfdXNlcl9pZCI6IjIiLCJfYXV0aF91c2VyX2hhc2giOiIzMDIxNDJiMDc3NmZiM2RkZTA4NGRkZmFlMTM2NzAwMjkwYjdhZThmIn0=', '2017-09-17 08:22:24');
INSERT INTO `django_session` VALUES ('9dyawb99uf8rknjtlo6qz6b0ca4mrs4p', 'NDMwNjUwNjgyODA0Njk3YTBmYjVkOGE5NmY4ZWNjODlhMThhMWVmYjp7Il9hdXRoX3VzZXJfYmFja2VuZCI6ImRqYW5nby5jb250cmliLmF1dGguYmFja2VuZHMuTW9kZWxCYWNrZW5kIiwiX2F1dGhfdXNlcl9oYXNoIjoiMzAyMTQyYjA3NzZmYjNkZGUwODRkZGZhZTEzNjcwMDI5MGI3YWU4ZiIsIl9hdXRoX3VzZXJfaWQiOiIyIn0=', '2017-09-15 07:17:01');
INSERT INTO `django_session` VALUES ('9flfyjubm7hs2xe5q0usgl4quqwgq1q8', 'ZWM2ZDM0NjU3YmViM2Y2MTI2YzA3MmM4ZDk2YTA3MzBiNzIwNDMxNTp7Il9hdXRoX3VzZXJfaWQiOiIyIiwiX2F1dGhfdXNlcl9oYXNoIjoiMzAyMTQyYjA3NzZmYjNkZGUwODRkZGZhZTEzNjcwMDI5MGI3YWU4ZiIsIl9hdXRoX3VzZXJfYmFja2VuZCI6ImRqYW5nby5jb250cmliLmF1dGguYmFja2VuZHMuTW9kZWxCYWNrZW5kIn0=', '2017-09-01 09:57:18');
INSERT INTO `django_session` VALUES ('9gf3nkcfxo327dld1ytk4ejkew3x9li3', 'ZWM2ZDM0NjU3YmViM2Y2MTI2YzA3MmM4ZDk2YTA3MzBiNzIwNDMxNTp7Il9hdXRoX3VzZXJfaWQiOiIyIiwiX2F1dGhfdXNlcl9oYXNoIjoiMzAyMTQyYjA3NzZmYjNkZGUwODRkZGZhZTEzNjcwMDI5MGI3YWU4ZiIsIl9hdXRoX3VzZXJfYmFja2VuZCI6ImRqYW5nby5jb250cmliLmF1dGguYmFja2VuZHMuTW9kZWxCYWNrZW5kIn0=', '2017-09-07 04:06:34');
INSERT INTO `django_session` VALUES ('9h6fr3sdjsl8bejwhu2d3w6oikin72bl', 'ZWM2ZDM0NjU3YmViM2Y2MTI2YzA3MmM4ZDk2YTA3MzBiNzIwNDMxNTp7Il9hdXRoX3VzZXJfaWQiOiIyIiwiX2F1dGhfdXNlcl9oYXNoIjoiMzAyMTQyYjA3NzZmYjNkZGUwODRkZGZhZTEzNjcwMDI5MGI3YWU4ZiIsIl9hdXRoX3VzZXJfYmFja2VuZCI6ImRqYW5nby5jb250cmliLmF1dGguYmFja2VuZHMuTW9kZWxCYWNrZW5kIn0=', '2017-09-05 07:12:39');
INSERT INTO `django_session` VALUES ('9ki1i16ufcczve2isqibeqqbdneii0pi', 'MjVlOTRhZTZlZWVkNjdlMWI0N2Q4NDBjN2IwZTAyMWIzODRhNzJiNjp7Il9hdXRoX3VzZXJfYmFja2VuZCI6ImRqYW5nby5jb250cmliLmF1dGguYmFja2VuZHMuTW9kZWxCYWNrZW5kIiwiX2F1dGhfdXNlcl9pZCI6IjIiLCJfYXV0aF91c2VyX2hhc2giOiIzMDIxNDJiMDc3NmZiM2RkZTA4NGRkZmFlMTM2NzAwMjkwYjdhZThmIn0=', '2017-10-09 03:05:16');
INSERT INTO `django_session` VALUES ('9lssy0eqinyp50pbf66cpgi42qb8gcm7', 'MjVlOTRhZTZlZWVkNjdlMWI0N2Q4NDBjN2IwZTAyMWIzODRhNzJiNjp7Il9hdXRoX3VzZXJfYmFja2VuZCI6ImRqYW5nby5jb250cmliLmF1dGguYmFja2VuZHMuTW9kZWxCYWNrZW5kIiwiX2F1dGhfdXNlcl9pZCI6IjIiLCJfYXV0aF91c2VyX2hhc2giOiIzMDIxNDJiMDc3NmZiM2RkZTA4NGRkZmFlMTM2NzAwMjkwYjdhZThmIn0=', '2017-08-29 07:33:22');
INSERT INTO `django_session` VALUES ('9o7el4c3welk8zuz6s4jxevpicd3xn0i', 'MjVlOTRhZTZlZWVkNjdlMWI0N2Q4NDBjN2IwZTAyMWIzODRhNzJiNjp7Il9hdXRoX3VzZXJfYmFja2VuZCI6ImRqYW5nby5jb250cmliLmF1dGguYmFja2VuZHMuTW9kZWxCYWNrZW5kIiwiX2F1dGhfdXNlcl9pZCI6IjIiLCJfYXV0aF91c2VyX2hhc2giOiIzMDIxNDJiMDc3NmZiM2RkZTA4NGRkZmFlMTM2NzAwMjkwYjdhZThmIn0=', '2017-09-17 03:18:17');
INSERT INTO `django_session` VALUES ('9t3pr9f3v7g8soxdyh6gzskd75fswqr9', 'MjVlOTRhZTZlZWVkNjdlMWI0N2Q4NDBjN2IwZTAyMWIzODRhNzJiNjp7Il9hdXRoX3VzZXJfYmFja2VuZCI6ImRqYW5nby5jb250cmliLmF1dGguYmFja2VuZHMuTW9kZWxCYWNrZW5kIiwiX2F1dGhfdXNlcl9pZCI6IjIiLCJfYXV0aF91c2VyX2hhc2giOiIzMDIxNDJiMDc3NmZiM2RkZTA4NGRkZmFlMTM2NzAwMjkwYjdhZThmIn0=', '2017-09-13 10:16:25');
INSERT INTO `django_session` VALUES ('a0avvd52kbivcap2l5npmhyi5ze2yivp', 'ZWM2ZDM0NjU3YmViM2Y2MTI2YzA3MmM4ZDk2YTA3MzBiNzIwNDMxNTp7Il9hdXRoX3VzZXJfaWQiOiIyIiwiX2F1dGhfdXNlcl9oYXNoIjoiMzAyMTQyYjA3NzZmYjNkZGUwODRkZGZhZTEzNjcwMDI5MGI3YWU4ZiIsIl9hdXRoX3VzZXJfYmFja2VuZCI6ImRqYW5nby5jb250cmliLmF1dGguYmFja2VuZHMuTW9kZWxCYWNrZW5kIn0=', '2017-09-02 09:10:10');
INSERT INTO `django_session` VALUES ('a0uwxeg6fwuc7iww79s51eyttxt7bakc', 'NzcwMmRlYTNlYjMzZGJkYzU0NjI5YThhMDFhMDQ3YmMxNzlmMjI5ZDp7Il9hdXRoX3VzZXJfaWQiOiIyIiwiX2F1dGhfdXNlcl9iYWNrZW5kIjoiZGphbmdvLmNvbnRyaWIuYXV0aC5iYWNrZW5kcy5Nb2RlbEJhY2tlbmQiLCJfYXV0aF91c2VyX2hhc2giOiIzMDIxNDJiMDc3NmZiM2RkZTA4NGRkZmFlMTM2NzAwMjkwYjdhZThmIn0=', '2017-10-12 11:49:48');
INSERT INTO `django_session` VALUES ('a20nnlzneqlagjtr05zg2x4u5skvfo8a', 'NDMwNjUwNjgyODA0Njk3YTBmYjVkOGE5NmY4ZWNjODlhMThhMWVmYjp7Il9hdXRoX3VzZXJfYmFja2VuZCI6ImRqYW5nby5jb250cmliLmF1dGguYmFja2VuZHMuTW9kZWxCYWNrZW5kIiwiX2F1dGhfdXNlcl9oYXNoIjoiMzAyMTQyYjA3NzZmYjNkZGUwODRkZGZhZTEzNjcwMDI5MGI3YWU4ZiIsIl9hdXRoX3VzZXJfaWQiOiIyIn0=', '2017-10-09 03:08:59');
INSERT INTO `django_session` VALUES ('a5ld9xqb97zghcg56w6np6wdr1eg4e02', 'NzcwMmRlYTNlYjMzZGJkYzU0NjI5YThhMDFhMDQ3YmMxNzlmMjI5ZDp7Il9hdXRoX3VzZXJfaWQiOiIyIiwiX2F1dGhfdXNlcl9iYWNrZW5kIjoiZGphbmdvLmNvbnRyaWIuYXV0aC5iYWNrZW5kcy5Nb2RlbEJhY2tlbmQiLCJfYXV0aF91c2VyX2hhc2giOiIzMDIxNDJiMDc3NmZiM2RkZTA4NGRkZmFlMTM2NzAwMjkwYjdhZThmIn0=', '2017-09-29 09:16:44');
INSERT INTO `django_session` VALUES ('a900btn6h0iro7wiii24zans8r2f0nor', 'MjVlOTRhZTZlZWVkNjdlMWI0N2Q4NDBjN2IwZTAyMWIzODRhNzJiNjp7Il9hdXRoX3VzZXJfYmFja2VuZCI6ImRqYW5nby5jb250cmliLmF1dGguYmFja2VuZHMuTW9kZWxCYWNrZW5kIiwiX2F1dGhfdXNlcl9pZCI6IjIiLCJfYXV0aF91c2VyX2hhc2giOiIzMDIxNDJiMDc3NmZiM2RkZTA4NGRkZmFlMTM2NzAwMjkwYjdhZThmIn0=', '2017-10-09 03:02:54');
INSERT INTO `django_session` VALUES ('aa8qyzcza9ie9ng20sqyfpdb8ycl56lx', 'NGYyYWM1YjFjMDUzMTBiZmQ3NzQzMDFjOWYyNzVmYzBiMDcyNmY0Njp7Il9hdXRoX3VzZXJfaGFzaCI6IjMwMjE0MmIwNzc2ZmIzZGRlMDg0ZGRmYWUxMzY3MDAyOTBiN2FlOGYiLCJfYXV0aF91c2VyX2JhY2tlbmQiOiJkamFuZ28uY29udHJpYi5hdXRoLmJhY2tlbmRzLk1vZGVsQmFja2VuZCIsIl9hdXRoX3VzZXJfaWQiOiIyIn0=', '2017-10-11 08:58:28');
INSERT INTO `django_session` VALUES ('ae57oxlo4hz61m1m7d9icudft2e0dph4', 'MjVlOTRhZTZlZWVkNjdlMWI0N2Q4NDBjN2IwZTAyMWIzODRhNzJiNjp7Il9hdXRoX3VzZXJfYmFja2VuZCI6ImRqYW5nby5jb250cmliLmF1dGguYmFja2VuZHMuTW9kZWxCYWNrZW5kIiwiX2F1dGhfdXNlcl9pZCI6IjIiLCJfYXV0aF91c2VyX2hhc2giOiIzMDIxNDJiMDc3NmZiM2RkZTA4NGRkZmFlMTM2NzAwMjkwYjdhZThmIn0=', '2017-10-10 02:33:31');
INSERT INTO `django_session` VALUES ('ahb7aao6pbs0k2hjgbaysly890wsh1vn', 'ZWM2ZDM0NjU3YmViM2Y2MTI2YzA3MmM4ZDk2YTA3MzBiNzIwNDMxNTp7Il9hdXRoX3VzZXJfaWQiOiIyIiwiX2F1dGhfdXNlcl9oYXNoIjoiMzAyMTQyYjA3NzZmYjNkZGUwODRkZGZhZTEzNjcwMDI5MGI3YWU4ZiIsIl9hdXRoX3VzZXJfYmFja2VuZCI6ImRqYW5nby5jb250cmliLmF1dGguYmFja2VuZHMuTW9kZWxCYWNrZW5kIn0=', '2017-10-10 03:51:39');
INSERT INTO `django_session` VALUES ('ai6imtafms9b7tj5t3qmlf9ypa1fa4tl', 'MjVlOTRhZTZlZWVkNjdlMWI0N2Q4NDBjN2IwZTAyMWIzODRhNzJiNjp7Il9hdXRoX3VzZXJfYmFja2VuZCI6ImRqYW5nby5jb250cmliLmF1dGguYmFja2VuZHMuTW9kZWxCYWNrZW5kIiwiX2F1dGhfdXNlcl9pZCI6IjIiLCJfYXV0aF91c2VyX2hhc2giOiIzMDIxNDJiMDc3NmZiM2RkZTA4NGRkZmFlMTM2NzAwMjkwYjdhZThmIn0=', '2017-09-25 09:22:58');
INSERT INTO `django_session` VALUES ('av1zq05cklh1sunz7h6ujp9l3iicdsg1', 'MjVlOTRhZTZlZWVkNjdlMWI0N2Q4NDBjN2IwZTAyMWIzODRhNzJiNjp7Il9hdXRoX3VzZXJfYmFja2VuZCI6ImRqYW5nby5jb250cmliLmF1dGguYmFja2VuZHMuTW9kZWxCYWNrZW5kIiwiX2F1dGhfdXNlcl9pZCI6IjIiLCJfYXV0aF91c2VyX2hhc2giOiIzMDIxNDJiMDc3NmZiM2RkZTA4NGRkZmFlMTM2NzAwMjkwYjdhZThmIn0=', '2017-09-13 09:45:00');
INSERT INTO `django_session` VALUES ('awdhzicgcg45jbdckk92d6v11uzcixrl', 'NGYyYWM1YjFjMDUzMTBiZmQ3NzQzMDFjOWYyNzVmYzBiMDcyNmY0Njp7Il9hdXRoX3VzZXJfaGFzaCI6IjMwMjE0MmIwNzc2ZmIzZGRlMDg0ZGRmYWUxMzY3MDAyOTBiN2FlOGYiLCJfYXV0aF91c2VyX2JhY2tlbmQiOiJkamFuZ28uY29udHJpYi5hdXRoLmJhY2tlbmRzLk1vZGVsQmFja2VuZCIsIl9hdXRoX3VzZXJfaWQiOiIyIn0=', '2017-10-11 09:11:21');
INSERT INTO `django_session` VALUES ('awt1jz0qhimf23jqtjjr7eze9ru4mp8c', 'NDMwNjUwNjgyODA0Njk3YTBmYjVkOGE5NmY4ZWNjODlhMThhMWVmYjp7Il9hdXRoX3VzZXJfYmFja2VuZCI6ImRqYW5nby5jb250cmliLmF1dGguYmFja2VuZHMuTW9kZWxCYWNrZW5kIiwiX2F1dGhfdXNlcl9oYXNoIjoiMzAyMTQyYjA3NzZmYjNkZGUwODRkZGZhZTEzNjcwMDI5MGI3YWU4ZiIsIl9hdXRoX3VzZXJfaWQiOiIyIn0=', '2017-10-03 12:42:22');
INSERT INTO `django_session` VALUES ('ayxjk0n2swk33nbkdmtq9j2q3cfwcdmo', 'NTQxNTc3ZmRjMTg4NjM3ZmFlZDgwOGYxZDNmNjA3ZTIxOWI0ZmNmODp7Il9hdXRoX3VzZXJfaGFzaCI6IjMwMjE0MmIwNzc2ZmIzZGRlMDg0ZGRmYWUxMzY3MDAyOTBiN2FlOGYiLCJfYXV0aF91c2VyX2lkIjoiMiIsIl9hdXRoX3VzZXJfYmFja2VuZCI6ImRqYW5nby5jb250cmliLmF1dGguYmFja2VuZHMuTW9kZWxCYWNrZW5kIn0=', '2017-09-27 09:58:09');
INSERT INTO `django_session` VALUES ('b0cvjvg010cq5t0bto1h6h8cebv4826l', 'NDMwNjUwNjgyODA0Njk3YTBmYjVkOGE5NmY4ZWNjODlhMThhMWVmYjp7Il9hdXRoX3VzZXJfYmFja2VuZCI6ImRqYW5nby5jb250cmliLmF1dGguYmFja2VuZHMuTW9kZWxCYWNrZW5kIiwiX2F1dGhfdXNlcl9oYXNoIjoiMzAyMTQyYjA3NzZmYjNkZGUwODRkZGZhZTEzNjcwMDI5MGI3YWU4ZiIsIl9hdXRoX3VzZXJfaWQiOiIyIn0=', '2017-09-15 07:46:08');
INSERT INTO `django_session` VALUES ('b2ev62g7h0oob97o8fgbieofpq5emthd', 'NzcwMmRlYTNlYjMzZGJkYzU0NjI5YThhMDFhMDQ3YmMxNzlmMjI5ZDp7Il9hdXRoX3VzZXJfaWQiOiIyIiwiX2F1dGhfdXNlcl9iYWNrZW5kIjoiZGphbmdvLmNvbnRyaWIuYXV0aC5iYWNrZW5kcy5Nb2RlbEJhY2tlbmQiLCJfYXV0aF91c2VyX2hhc2giOiIzMDIxNDJiMDc3NmZiM2RkZTA4NGRkZmFlMTM2NzAwMjkwYjdhZThmIn0=', '2017-10-10 08:30:54');
INSERT INTO `django_session` VALUES ('b6gt3rsol0z0lw8o9nmsdz60crfor2rg', 'MjVlOTRhZTZlZWVkNjdlMWI0N2Q4NDBjN2IwZTAyMWIzODRhNzJiNjp7Il9hdXRoX3VzZXJfYmFja2VuZCI6ImRqYW5nby5jb250cmliLmF1dGguYmFja2VuZHMuTW9kZWxCYWNrZW5kIiwiX2F1dGhfdXNlcl9pZCI6IjIiLCJfYXV0aF91c2VyX2hhc2giOiIzMDIxNDJiMDc3NmZiM2RkZTA4NGRkZmFlMTM2NzAwMjkwYjdhZThmIn0=', '2017-09-16 10:44:12');
INSERT INTO `django_session` VALUES ('b6p1v4ie4khcmz0nyyxe6r5lpmdelazf', 'NzcwMmRlYTNlYjMzZGJkYzU0NjI5YThhMDFhMDQ3YmMxNzlmMjI5ZDp7Il9hdXRoX3VzZXJfaWQiOiIyIiwiX2F1dGhfdXNlcl9iYWNrZW5kIjoiZGphbmdvLmNvbnRyaWIuYXV0aC5iYWNrZW5kcy5Nb2RlbEJhY2tlbmQiLCJfYXV0aF91c2VyX2hhc2giOiIzMDIxNDJiMDc3NmZiM2RkZTA4NGRkZmFlMTM2NzAwMjkwYjdhZThmIn0=', '2017-09-18 08:37:17');
INSERT INTO `django_session` VALUES ('ba6vf10ukz5p3mue9f2kdviv0kb4fuyl', 'NTQxNTc3ZmRjMTg4NjM3ZmFlZDgwOGYxZDNmNjA3ZTIxOWI0ZmNmODp7Il9hdXRoX3VzZXJfaGFzaCI6IjMwMjE0MmIwNzc2ZmIzZGRlMDg0ZGRmYWUxMzY3MDAyOTBiN2FlOGYiLCJfYXV0aF91c2VyX2lkIjoiMiIsIl9hdXRoX3VzZXJfYmFja2VuZCI6ImRqYW5nby5jb250cmliLmF1dGguYmFja2VuZHMuTW9kZWxCYWNrZW5kIn0=', '2017-09-18 02:43:14');
INSERT INTO `django_session` VALUES ('bae44tfg3d9y1gsde04vitlj1epwp23x', 'NTQxNTc3ZmRjMTg4NjM3ZmFlZDgwOGYxZDNmNjA3ZTIxOWI0ZmNmODp7Il9hdXRoX3VzZXJfaGFzaCI6IjMwMjE0MmIwNzc2ZmIzZGRlMDg0ZGRmYWUxMzY3MDAyOTBiN2FlOGYiLCJfYXV0aF91c2VyX2lkIjoiMiIsIl9hdXRoX3VzZXJfYmFja2VuZCI6ImRqYW5nby5jb250cmliLmF1dGguYmFja2VuZHMuTW9kZWxCYWNrZW5kIn0=', '2017-09-18 02:33:24');
INSERT INTO `django_session` VALUES ('bp95a0aqu4adzeh8x03nq8k72982es4t', 'ZWM2ZDM0NjU3YmViM2Y2MTI2YzA3MmM4ZDk2YTA3MzBiNzIwNDMxNTp7Il9hdXRoX3VzZXJfaWQiOiIyIiwiX2F1dGhfdXNlcl9oYXNoIjoiMzAyMTQyYjA3NzZmYjNkZGUwODRkZGZhZTEzNjcwMDI5MGI3YWU4ZiIsIl9hdXRoX3VzZXJfYmFja2VuZCI6ImRqYW5nby5jb250cmliLmF1dGguYmFja2VuZHMuTW9kZWxCYWNrZW5kIn0=', '2017-10-10 03:51:38');
INSERT INTO `django_session` VALUES ('bu3e5yv3knzvsmwhjhe08wo5d5zah68v', 'MjVlOTRhZTZlZWVkNjdlMWI0N2Q4NDBjN2IwZTAyMWIzODRhNzJiNjp7Il9hdXRoX3VzZXJfYmFja2VuZCI6ImRqYW5nby5jb250cmliLmF1dGguYmFja2VuZHMuTW9kZWxCYWNrZW5kIiwiX2F1dGhfdXNlcl9pZCI6IjIiLCJfYXV0aF91c2VyX2hhc2giOiIzMDIxNDJiMDc3NmZiM2RkZTA4NGRkZmFlMTM2NzAwMjkwYjdhZThmIn0=', '2017-10-12 04:25:00');
INSERT INTO `django_session` VALUES ('bugoql2ninliwt1ww2zp520fu129gxvr', 'NzcwMmRlYTNlYjMzZGJkYzU0NjI5YThhMDFhMDQ3YmMxNzlmMjI5ZDp7Il9hdXRoX3VzZXJfaWQiOiIyIiwiX2F1dGhfdXNlcl9iYWNrZW5kIjoiZGphbmdvLmNvbnRyaWIuYXV0aC5iYWNrZW5kcy5Nb2RlbEJhY2tlbmQiLCJfYXV0aF91c2VyX2hhc2giOiIzMDIxNDJiMDc3NmZiM2RkZTA4NGRkZmFlMTM2NzAwMjkwYjdhZThmIn0=', '2017-09-18 08:39:26');
INSERT INTO `django_session` VALUES ('bxlkra4z2keszvcizx340ucujnsrs307', 'NTQxNTc3ZmRjMTg4NjM3ZmFlZDgwOGYxZDNmNjA3ZTIxOWI0ZmNmODp7Il9hdXRoX3VzZXJfaGFzaCI6IjMwMjE0MmIwNzc2ZmIzZGRlMDg0ZGRmYWUxMzY3MDAyOTBiN2FlOGYiLCJfYXV0aF91c2VyX2lkIjoiMiIsIl9hdXRoX3VzZXJfYmFja2VuZCI6ImRqYW5nby5jb250cmliLmF1dGguYmFja2VuZHMuTW9kZWxCYWNrZW5kIn0=', '2017-08-23 06:57:08');
INSERT INTO `django_session` VALUES ('c1cjfk191epr7lxozgpvfnz4ze5nlini', 'NDMwNjUwNjgyODA0Njk3YTBmYjVkOGE5NmY4ZWNjODlhMThhMWVmYjp7Il9hdXRoX3VzZXJfYmFja2VuZCI6ImRqYW5nby5jb250cmliLmF1dGguYmFja2VuZHMuTW9kZWxCYWNrZW5kIiwiX2F1dGhfdXNlcl9oYXNoIjoiMzAyMTQyYjA3NzZmYjNkZGUwODRkZGZhZTEzNjcwMDI5MGI3YWU4ZiIsIl9hdXRoX3VzZXJfaWQiOiIyIn0=', '2017-10-10 06:54:30');
INSERT INTO `django_session` VALUES ('cdygoi0kvenzm1unx1ybktgxvr48geb9', 'MjVlOTRhZTZlZWVkNjdlMWI0N2Q4NDBjN2IwZTAyMWIzODRhNzJiNjp7Il9hdXRoX3VzZXJfYmFja2VuZCI6ImRqYW5nby5jb250cmliLmF1dGguYmFja2VuZHMuTW9kZWxCYWNrZW5kIiwiX2F1dGhfdXNlcl9pZCI6IjIiLCJfYXV0aF91c2VyX2hhc2giOiIzMDIxNDJiMDc3NmZiM2RkZTA4NGRkZmFlMTM2NzAwMjkwYjdhZThmIn0=', '2017-09-25 10:03:32');
INSERT INTO `django_session` VALUES ('chkokkxoid2hoxnxmdjrrlk4w8h3pe94', 'NzcwMmRlYTNlYjMzZGJkYzU0NjI5YThhMDFhMDQ3YmMxNzlmMjI5ZDp7Il9hdXRoX3VzZXJfaWQiOiIyIiwiX2F1dGhfdXNlcl9iYWNrZW5kIjoiZGphbmdvLmNvbnRyaWIuYXV0aC5iYWNrZW5kcy5Nb2RlbEJhY2tlbmQiLCJfYXV0aF91c2VyX2hhc2giOiIzMDIxNDJiMDc3NmZiM2RkZTA4NGRkZmFlMTM2NzAwMjkwYjdhZThmIn0=', '2017-09-14 11:03:47');
INSERT INTO `django_session` VALUES ('cnubcs6lrtxvqb6apj27ykpveflq14zn', 'MjVlOTRhZTZlZWVkNjdlMWI0N2Q4NDBjN2IwZTAyMWIzODRhNzJiNjp7Il9hdXRoX3VzZXJfYmFja2VuZCI6ImRqYW5nby5jb250cmliLmF1dGguYmFja2VuZHMuTW9kZWxCYWNrZW5kIiwiX2F1dGhfdXNlcl9pZCI6IjIiLCJfYXV0aF91c2VyX2hhc2giOiIzMDIxNDJiMDc3NmZiM2RkZTA4NGRkZmFlMTM2NzAwMjkwYjdhZThmIn0=', '2017-09-17 07:35:06');
INSERT INTO `django_session` VALUES ('cq96kf37ysl3czdcqjvrr1iue3u5p6wp', 'MjVlOTRhZTZlZWVkNjdlMWI0N2Q4NDBjN2IwZTAyMWIzODRhNzJiNjp7Il9hdXRoX3VzZXJfYmFja2VuZCI6ImRqYW5nby5jb250cmliLmF1dGguYmFja2VuZHMuTW9kZWxCYWNrZW5kIiwiX2F1dGhfdXNlcl9pZCI6IjIiLCJfYXV0aF91c2VyX2hhc2giOiIzMDIxNDJiMDc3NmZiM2RkZTA4NGRkZmFlMTM2NzAwMjkwYjdhZThmIn0=', '2017-09-16 10:32:04');
INSERT INTO `django_session` VALUES ('cqaa5mg7j9oqdwgnhqe3tq1dkdmj03dj', 'NGYyYWM1YjFjMDUzMTBiZmQ3NzQzMDFjOWYyNzVmYzBiMDcyNmY0Njp7Il9hdXRoX3VzZXJfaGFzaCI6IjMwMjE0MmIwNzc2ZmIzZGRlMDg0ZGRmYWUxMzY3MDAyOTBiN2FlOGYiLCJfYXV0aF91c2VyX2JhY2tlbmQiOiJkamFuZ28uY29udHJpYi5hdXRoLmJhY2tlbmRzLk1vZGVsQmFja2VuZCIsIl9hdXRoX3VzZXJfaWQiOiIyIn0=', '2017-10-13 02:55:23');
INSERT INTO `django_session` VALUES ('ctz8l255npl22cm6zrtlgkn4crqsvbu9', 'NGYyYWM1YjFjMDUzMTBiZmQ3NzQzMDFjOWYyNzVmYzBiMDcyNmY0Njp7Il9hdXRoX3VzZXJfaGFzaCI6IjMwMjE0MmIwNzc2ZmIzZGRlMDg0ZGRmYWUxMzY3MDAyOTBiN2FlOGYiLCJfYXV0aF91c2VyX2JhY2tlbmQiOiJkamFuZ28uY29udHJpYi5hdXRoLmJhY2tlbmRzLk1vZGVsQmFja2VuZCIsIl9hdXRoX3VzZXJfaWQiOiIyIn0=', '2017-09-22 03:58:16');
INSERT INTO `django_session` VALUES ('cwgz4ic5dga9fe61knc4hxzidj1o60wx', 'NDMwNjUwNjgyODA0Njk3YTBmYjVkOGE5NmY4ZWNjODlhMThhMWVmYjp7Il9hdXRoX3VzZXJfYmFja2VuZCI6ImRqYW5nby5jb250cmliLmF1dGguYmFja2VuZHMuTW9kZWxCYWNrZW5kIiwiX2F1dGhfdXNlcl9oYXNoIjoiMzAyMTQyYjA3NzZmYjNkZGUwODRkZGZhZTEzNjcwMDI5MGI3YWU4ZiIsIl9hdXRoX3VzZXJfaWQiOiIyIn0=', '2017-09-28 07:34:43');
INSERT INTO `django_session` VALUES ('d5s0o49bgpdu6dnk2a5go3zwywmwaov9', 'ZWM2ZDM0NjU3YmViM2Y2MTI2YzA3MmM4ZDk2YTA3MzBiNzIwNDMxNTp7Il9hdXRoX3VzZXJfaWQiOiIyIiwiX2F1dGhfdXNlcl9oYXNoIjoiMzAyMTQyYjA3NzZmYjNkZGUwODRkZGZhZTEzNjcwMDI5MGI3YWU4ZiIsIl9hdXRoX3VzZXJfYmFja2VuZCI6ImRqYW5nby5jb250cmliLmF1dGguYmFja2VuZHMuTW9kZWxCYWNrZW5kIn0=', '2017-09-28 10:09:33');
INSERT INTO `django_session` VALUES ('d68ffskxpfc9otwqnsumz5fpjik9f4fd', 'NzcwMmRlYTNlYjMzZGJkYzU0NjI5YThhMDFhMDQ3YmMxNzlmMjI5ZDp7Il9hdXRoX3VzZXJfaWQiOiIyIiwiX2F1dGhfdXNlcl9iYWNrZW5kIjoiZGphbmdvLmNvbnRyaWIuYXV0aC5iYWNrZW5kcy5Nb2RlbEJhY2tlbmQiLCJfYXV0aF91c2VyX2hhc2giOiIzMDIxNDJiMDc3NmZiM2RkZTA4NGRkZmFlMTM2NzAwMjkwYjdhZThmIn0=', '2017-09-14 11:20:46');
INSERT INTO `django_session` VALUES ('dq26wv093ey9budan2c52kmqm5u7rcjj', 'MjVlOTRhZTZlZWVkNjdlMWI0N2Q4NDBjN2IwZTAyMWIzODRhNzJiNjp7Il9hdXRoX3VzZXJfYmFja2VuZCI6ImRqYW5nby5jb250cmliLmF1dGguYmFja2VuZHMuTW9kZWxCYWNrZW5kIiwiX2F1dGhfdXNlcl9pZCI6IjIiLCJfYXV0aF91c2VyX2hhc2giOiIzMDIxNDJiMDc3NmZiM2RkZTA4NGRkZmFlMTM2NzAwMjkwYjdhZThmIn0=', '2017-09-16 10:41:18');
INSERT INTO `django_session` VALUES ('dxhh2vkg1s6jc7dkiz47oagllemsi4wy', 'NTQxNTc3ZmRjMTg4NjM3ZmFlZDgwOGYxZDNmNjA3ZTIxOWI0ZmNmODp7Il9hdXRoX3VzZXJfaGFzaCI6IjMwMjE0MmIwNzc2ZmIzZGRlMDg0ZGRmYWUxMzY3MDAyOTBiN2FlOGYiLCJfYXV0aF91c2VyX2lkIjoiMiIsIl9hdXRoX3VzZXJfYmFja2VuZCI6ImRqYW5nby5jb250cmliLmF1dGguYmFja2VuZHMuTW9kZWxCYWNrZW5kIn0=', '2017-10-10 04:18:06');
INSERT INTO `django_session` VALUES ('dyhvz4amqpfm0d3s79p0tfs6v1qatep2', 'NDMwNjUwNjgyODA0Njk3YTBmYjVkOGE5NmY4ZWNjODlhMThhMWVmYjp7Il9hdXRoX3VzZXJfYmFja2VuZCI6ImRqYW5nby5jb250cmliLmF1dGguYmFja2VuZHMuTW9kZWxCYWNrZW5kIiwiX2F1dGhfdXNlcl9oYXNoIjoiMzAyMTQyYjA3NzZmYjNkZGUwODRkZGZhZTEzNjcwMDI5MGI3YWU4ZiIsIl9hdXRoX3VzZXJfaWQiOiIyIn0=', '2017-09-23 08:17:34');
INSERT INTO `django_session` VALUES ('e4gv25vya186fjuf5sjac0uz5id9jdvf', 'NTQxNTc3ZmRjMTg4NjM3ZmFlZDgwOGYxZDNmNjA3ZTIxOWI0ZmNmODp7Il9hdXRoX3VzZXJfaGFzaCI6IjMwMjE0MmIwNzc2ZmIzZGRlMDg0ZGRmYWUxMzY3MDAyOTBiN2FlOGYiLCJfYXV0aF91c2VyX2lkIjoiMiIsIl9hdXRoX3VzZXJfYmFja2VuZCI6ImRqYW5nby5jb250cmliLmF1dGguYmFja2VuZHMuTW9kZWxCYWNrZW5kIn0=', '2017-10-05 09:13:21');
INSERT INTO `django_session` VALUES ('e85xskj1jew7jundbnsatlwrz9pqtp7s', 'NDMwNjUwNjgyODA0Njk3YTBmYjVkOGE5NmY4ZWNjODlhMThhMWVmYjp7Il9hdXRoX3VzZXJfYmFja2VuZCI6ImRqYW5nby5jb250cmliLmF1dGguYmFja2VuZHMuTW9kZWxCYWNrZW5kIiwiX2F1dGhfdXNlcl9oYXNoIjoiMzAyMTQyYjA3NzZmYjNkZGUwODRkZGZhZTEzNjcwMDI5MGI3YWU4ZiIsIl9hdXRoX3VzZXJfaWQiOiIyIn0=', '2017-09-14 11:00:13');
INSERT INTO `django_session` VALUES ('e8xhqmtbcwm3p8fhgxonc77rrvg2y32l', 'NDMwNjUwNjgyODA0Njk3YTBmYjVkOGE5NmY4ZWNjODlhMThhMWVmYjp7Il9hdXRoX3VzZXJfYmFja2VuZCI6ImRqYW5nby5jb250cmliLmF1dGguYmFja2VuZHMuTW9kZWxCYWNrZW5kIiwiX2F1dGhfdXNlcl9oYXNoIjoiMzAyMTQyYjA3NzZmYjNkZGUwODRkZGZhZTEzNjcwMDI5MGI3YWU4ZiIsIl9hdXRoX3VzZXJfaWQiOiIyIn0=', '2017-10-05 08:16:14');
INSERT INTO `django_session` VALUES ('e8ybca2cmr4g7076zo0gm8rb235ug7u7', 'NTQxNTc3ZmRjMTg4NjM3ZmFlZDgwOGYxZDNmNjA3ZTIxOWI0ZmNmODp7Il9hdXRoX3VzZXJfaGFzaCI6IjMwMjE0MmIwNzc2ZmIzZGRlMDg0ZGRmYWUxMzY3MDAyOTBiN2FlOGYiLCJfYXV0aF91c2VyX2lkIjoiMiIsIl9hdXRoX3VzZXJfYmFja2VuZCI6ImRqYW5nby5jb250cmliLmF1dGguYmFja2VuZHMuTW9kZWxCYWNrZW5kIn0=', '2017-09-20 08:40:18');
INSERT INTO `django_session` VALUES ('e9nxehzekuf07bey2rgsn4ttk1polbll', 'ZWM2ZDM0NjU3YmViM2Y2MTI2YzA3MmM4ZDk2YTA3MzBiNzIwNDMxNTp7Il9hdXRoX3VzZXJfaWQiOiIyIiwiX2F1dGhfdXNlcl9oYXNoIjoiMzAyMTQyYjA3NzZmYjNkZGUwODRkZGZhZTEzNjcwMDI5MGI3YWU4ZiIsIl9hdXRoX3VzZXJfYmFja2VuZCI6ImRqYW5nby5jb250cmliLmF1dGguYmFja2VuZHMuTW9kZWxCYWNrZW5kIn0=', '2017-09-15 06:24:23');
INSERT INTO `django_session` VALUES ('edoqe6qn0cdy2hcp9s8y98ndwlkv4b7c', 'NTQxNTc3ZmRjMTg4NjM3ZmFlZDgwOGYxZDNmNjA3ZTIxOWI0ZmNmODp7Il9hdXRoX3VzZXJfaGFzaCI6IjMwMjE0MmIwNzc2ZmIzZGRlMDg0ZGRmYWUxMzY3MDAyOTBiN2FlOGYiLCJfYXV0aF91c2VyX2lkIjoiMiIsIl9hdXRoX3VzZXJfYmFja2VuZCI6ImRqYW5nby5jb250cmliLmF1dGguYmFja2VuZHMuTW9kZWxCYWNrZW5kIn0=', '2017-09-20 07:34:54');
INSERT INTO `django_session` VALUES ('eh8r5wmrb28ck4vxv5e8oex1z5nrp6be', 'NzcwMmRlYTNlYjMzZGJkYzU0NjI5YThhMDFhMDQ3YmMxNzlmMjI5ZDp7Il9hdXRoX3VzZXJfaWQiOiIyIiwiX2F1dGhfdXNlcl9iYWNrZW5kIjoiZGphbmdvLmNvbnRyaWIuYXV0aC5iYWNrZW5kcy5Nb2RlbEJhY2tlbmQiLCJfYXV0aF91c2VyX2hhc2giOiIzMDIxNDJiMDc3NmZiM2RkZTA4NGRkZmFlMTM2NzAwMjkwYjdhZThmIn0=', '2017-09-18 08:04:14');
INSERT INTO `django_session` VALUES ('ehdr7z11r8grpuvc68xtpd3l904bemur', 'NTQxNTc3ZmRjMTg4NjM3ZmFlZDgwOGYxZDNmNjA3ZTIxOWI0ZmNmODp7Il9hdXRoX3VzZXJfaGFzaCI6IjMwMjE0MmIwNzc2ZmIzZGRlMDg0ZGRmYWUxMzY3MDAyOTBiN2FlOGYiLCJfYXV0aF91c2VyX2lkIjoiMiIsIl9hdXRoX3VzZXJfYmFja2VuZCI6ImRqYW5nby5jb250cmliLmF1dGguYmFja2VuZHMuTW9kZWxCYWNrZW5kIn0=', '2017-08-23 07:19:11');
INSERT INTO `django_session` VALUES ('eoc5zvhw9wj474apr4wxli6jgov1gpr2', 'NTQxNTc3ZmRjMTg4NjM3ZmFlZDgwOGYxZDNmNjA3ZTIxOWI0ZmNmODp7Il9hdXRoX3VzZXJfaGFzaCI6IjMwMjE0MmIwNzc2ZmIzZGRlMDg0ZGRmYWUxMzY3MDAyOTBiN2FlOGYiLCJfYXV0aF91c2VyX2lkIjoiMiIsIl9hdXRoX3VzZXJfYmFja2VuZCI6ImRqYW5nby5jb250cmliLmF1dGguYmFja2VuZHMuTW9kZWxCYWNrZW5kIn0=', '2017-09-11 10:30:55');
INSERT INTO `django_session` VALUES ('ex4844cpmsqmnkulg1r64rkh5foabaht', 'MjVlOTRhZTZlZWVkNjdlMWI0N2Q4NDBjN2IwZTAyMWIzODRhNzJiNjp7Il9hdXRoX3VzZXJfYmFja2VuZCI6ImRqYW5nby5jb250cmliLmF1dGguYmFja2VuZHMuTW9kZWxCYWNrZW5kIiwiX2F1dGhfdXNlcl9pZCI6IjIiLCJfYXV0aF91c2VyX2hhc2giOiIzMDIxNDJiMDc3NmZiM2RkZTA4NGRkZmFlMTM2NzAwMjkwYjdhZThmIn0=', '2017-09-16 08:09:51');
INSERT INTO `django_session` VALUES ('f2j32w7roy83252skdd4ovvpp5qbg4lf', 'ZWM2ZDM0NjU3YmViM2Y2MTI2YzA3MmM4ZDk2YTA3MzBiNzIwNDMxNTp7Il9hdXRoX3VzZXJfaWQiOiIyIiwiX2F1dGhfdXNlcl9oYXNoIjoiMzAyMTQyYjA3NzZmYjNkZGUwODRkZGZhZTEzNjcwMDI5MGI3YWU4ZiIsIl9hdXRoX3VzZXJfYmFja2VuZCI6ImRqYW5nby5jb250cmliLmF1dGguYmFja2VuZHMuTW9kZWxCYWNrZW5kIn0=', '2017-09-04 09:21:11');
INSERT INTO `django_session` VALUES ('f52uzg4c5199aeo55hz6iszwnt7t8xoc', 'NGYyYWM1YjFjMDUzMTBiZmQ3NzQzMDFjOWYyNzVmYzBiMDcyNmY0Njp7Il9hdXRoX3VzZXJfaGFzaCI6IjMwMjE0MmIwNzc2ZmIzZGRlMDg0ZGRmYWUxMzY3MDAyOTBiN2FlOGYiLCJfYXV0aF91c2VyX2JhY2tlbmQiOiJkamFuZ28uY29udHJpYi5hdXRoLmJhY2tlbmRzLk1vZGVsQmFja2VuZCIsIl9hdXRoX3VzZXJfaWQiOiIyIn0=', '2017-09-22 03:51:56');
INSERT INTO `django_session` VALUES ('fg68krn1tvx8qyq18i9runsl75j5zl4w', 'ZWM2ZDM0NjU3YmViM2Y2MTI2YzA3MmM4ZDk2YTA3MzBiNzIwNDMxNTp7Il9hdXRoX3VzZXJfaWQiOiIyIiwiX2F1dGhfdXNlcl9oYXNoIjoiMzAyMTQyYjA3NzZmYjNkZGUwODRkZGZhZTEzNjcwMDI5MGI3YWU4ZiIsIl9hdXRoX3VzZXJfYmFja2VuZCI6ImRqYW5nby5jb250cmliLmF1dGguYmFja2VuZHMuTW9kZWxCYWNrZW5kIn0=', '2017-09-05 07:20:57');
INSERT INTO `django_session` VALUES ('fjdou0y98ibeps34hv4v7hrm1jvss9ti', 'MzBjODQyODI2YWVkZTgwYjhhOTdlNThiYTZmZWE5ZDc3ZThmN2FhYjp7fQ==', '2017-10-09 03:02:39');
INSERT INTO `django_session` VALUES ('flb9o1eir0ze2gku2xq07611lcjz5n4t', 'ZWM2ZDM0NjU3YmViM2Y2MTI2YzA3MmM4ZDk2YTA3MzBiNzIwNDMxNTp7Il9hdXRoX3VzZXJfaWQiOiIyIiwiX2F1dGhfdXNlcl9oYXNoIjoiMzAyMTQyYjA3NzZmYjNkZGUwODRkZGZhZTEzNjcwMDI5MGI3YWU4ZiIsIl9hdXRoX3VzZXJfYmFja2VuZCI6ImRqYW5nby5jb250cmliLmF1dGguYmFja2VuZHMuTW9kZWxCYWNrZW5kIn0=', '2017-09-25 07:05:13');
INSERT INTO `django_session` VALUES ('fs031f6fuw773esjoybghhw8gkq7cnkh', 'NTQxNTc3ZmRjMTg4NjM3ZmFlZDgwOGYxZDNmNjA3ZTIxOWI0ZmNmODp7Il9hdXRoX3VzZXJfaGFzaCI6IjMwMjE0MmIwNzc2ZmIzZGRlMDg0ZGRmYWUxMzY3MDAyOTBiN2FlOGYiLCJfYXV0aF91c2VyX2lkIjoiMiIsIl9hdXRoX3VzZXJfYmFja2VuZCI6ImRqYW5nby5jb250cmliLmF1dGguYmFja2VuZHMuTW9kZWxCYWNrZW5kIn0=', '2017-10-10 13:16:25');
INSERT INTO `django_session` VALUES ('g3w0toi1rlnlhu6qyoxlnmbgs2vfal16', 'ZWM2ZDM0NjU3YmViM2Y2MTI2YzA3MmM4ZDk2YTA3MzBiNzIwNDMxNTp7Il9hdXRoX3VzZXJfaWQiOiIyIiwiX2F1dGhfdXNlcl9oYXNoIjoiMzAyMTQyYjA3NzZmYjNkZGUwODRkZGZhZTEzNjcwMDI5MGI3YWU4ZiIsIl9hdXRoX3VzZXJfYmFja2VuZCI6ImRqYW5nby5jb250cmliLmF1dGguYmFja2VuZHMuTW9kZWxCYWNrZW5kIn0=', '2017-08-31 07:41:59');
INSERT INTO `django_session` VALUES ('g5zw16944mlhzkqyffjkucdv87wnz2hk', 'ZWM2ZDM0NjU3YmViM2Y2MTI2YzA3MmM4ZDk2YTA3MzBiNzIwNDMxNTp7Il9hdXRoX3VzZXJfaWQiOiIyIiwiX2F1dGhfdXNlcl9oYXNoIjoiMzAyMTQyYjA3NzZmYjNkZGUwODRkZGZhZTEzNjcwMDI5MGI3YWU4ZiIsIl9hdXRoX3VzZXJfYmFja2VuZCI6ImRqYW5nby5jb250cmliLmF1dGguYmFja2VuZHMuTW9kZWxCYWNrZW5kIn0=', '2017-09-04 07:55:28');
INSERT INTO `django_session` VALUES ('g631rleif5ekgl36htxnwkyhvkfwp3xo', 'MjVlOTRhZTZlZWVkNjdlMWI0N2Q4NDBjN2IwZTAyMWIzODRhNzJiNjp7Il9hdXRoX3VzZXJfYmFja2VuZCI6ImRqYW5nby5jb250cmliLmF1dGguYmFja2VuZHMuTW9kZWxCYWNrZW5kIiwiX2F1dGhfdXNlcl9pZCI6IjIiLCJfYXV0aF91c2VyX2hhc2giOiIzMDIxNDJiMDc3NmZiM2RkZTA4NGRkZmFlMTM2NzAwMjkwYjdhZThmIn0=', '2017-09-18 02:21:10');
INSERT INTO `django_session` VALUES ('gmniqff19u0gocpf48kj5tbpdwviu401', 'ZWM2ZDM0NjU3YmViM2Y2MTI2YzA3MmM4ZDk2YTA3MzBiNzIwNDMxNTp7Il9hdXRoX3VzZXJfaWQiOiIyIiwiX2F1dGhfdXNlcl9oYXNoIjoiMzAyMTQyYjA3NzZmYjNkZGUwODRkZGZhZTEzNjcwMDI5MGI3YWU4ZiIsIl9hdXRoX3VzZXJfYmFja2VuZCI6ImRqYW5nby5jb250cmliLmF1dGguYmFja2VuZHMuTW9kZWxCYWNrZW5kIn0=', '2017-09-15 06:07:41');
INSERT INTO `django_session` VALUES ('guatdpmipl45gagh3qav7qpvod6zrain', 'MjVlOTRhZTZlZWVkNjdlMWI0N2Q4NDBjN2IwZTAyMWIzODRhNzJiNjp7Il9hdXRoX3VzZXJfYmFja2VuZCI6ImRqYW5nby5jb250cmliLmF1dGguYmFja2VuZHMuTW9kZWxCYWNrZW5kIiwiX2F1dGhfdXNlcl9pZCI6IjIiLCJfYXV0aF91c2VyX2hhc2giOiIzMDIxNDJiMDc3NmZiM2RkZTA4NGRkZmFlMTM2NzAwMjkwYjdhZThmIn0=', '2017-09-17 06:03:01');
INSERT INTO `django_session` VALUES ('gy6t4egr422iofz037rdcby2jtn7h8ke', 'NzcwMmRlYTNlYjMzZGJkYzU0NjI5YThhMDFhMDQ3YmMxNzlmMjI5ZDp7Il9hdXRoX3VzZXJfaWQiOiIyIiwiX2F1dGhfdXNlcl9iYWNrZW5kIjoiZGphbmdvLmNvbnRyaWIuYXV0aC5iYWNrZW5kcy5Nb2RlbEJhY2tlbmQiLCJfYXV0aF91c2VyX2hhc2giOiIzMDIxNDJiMDc3NmZiM2RkZTA4NGRkZmFlMTM2NzAwMjkwYjdhZThmIn0=', '2017-09-14 11:09:39');
INSERT INTO `django_session` VALUES ('h14hu078ymrdbwbvkzy1hqtrddr3t8j6', 'NTQxNTc3ZmRjMTg4NjM3ZmFlZDgwOGYxZDNmNjA3ZTIxOWI0ZmNmODp7Il9hdXRoX3VzZXJfaGFzaCI6IjMwMjE0MmIwNzc2ZmIzZGRlMDg0ZGRmYWUxMzY3MDAyOTBiN2FlOGYiLCJfYXV0aF91c2VyX2lkIjoiMiIsIl9hdXRoX3VzZXJfYmFja2VuZCI6ImRqYW5nby5jb250cmliLmF1dGguYmFja2VuZHMuTW9kZWxCYWNrZW5kIn0=', '2017-10-10 04:07:53');
INSERT INTO `django_session` VALUES ('h14llfveonus0bf8pf6bawloydcd4ccg', 'MjVlOTRhZTZlZWVkNjdlMWI0N2Q4NDBjN2IwZTAyMWIzODRhNzJiNjp7Il9hdXRoX3VzZXJfYmFja2VuZCI6ImRqYW5nby5jb250cmliLmF1dGguYmFja2VuZHMuTW9kZWxCYWNrZW5kIiwiX2F1dGhfdXNlcl9pZCI6IjIiLCJfYXV0aF91c2VyX2hhc2giOiIzMDIxNDJiMDc3NmZiM2RkZTA4NGRkZmFlMTM2NzAwMjkwYjdhZThmIn0=', '2017-09-17 04:13:57');
INSERT INTO `django_session` VALUES ('h1k9rdoa4pk8j4ftzq32svqhctrtjapi', 'ZWM2ZDM0NjU3YmViM2Y2MTI2YzA3MmM4ZDk2YTA3MzBiNzIwNDMxNTp7Il9hdXRoX3VzZXJfaWQiOiIyIiwiX2F1dGhfdXNlcl9oYXNoIjoiMzAyMTQyYjA3NzZmYjNkZGUwODRkZGZhZTEzNjcwMDI5MGI3YWU4ZiIsIl9hdXRoX3VzZXJfYmFja2VuZCI6ImRqYW5nby5jb250cmliLmF1dGguYmFja2VuZHMuTW9kZWxCYWNrZW5kIn0=', '2017-08-31 07:23:48');
INSERT INTO `django_session` VALUES ('h20g4a5tnyjy28aeihpvg8zh8mxg9wsc', 'NGYyYWM1YjFjMDUzMTBiZmQ3NzQzMDFjOWYyNzVmYzBiMDcyNmY0Njp7Il9hdXRoX3VzZXJfaGFzaCI6IjMwMjE0MmIwNzc2ZmIzZGRlMDg0ZGRmYWUxMzY3MDAyOTBiN2FlOGYiLCJfYXV0aF91c2VyX2JhY2tlbmQiOiJkamFuZ28uY29udHJpYi5hdXRoLmJhY2tlbmRzLk1vZGVsQmFja2VuZCIsIl9hdXRoX3VzZXJfaWQiOiIyIn0=', '2017-09-12 09:40:52');
INSERT INTO `django_session` VALUES ('hbfor77pui60bf3c8qbjvgl7s2ywvfc2', 'NGYyYWM1YjFjMDUzMTBiZmQ3NzQzMDFjOWYyNzVmYzBiMDcyNmY0Njp7Il9hdXRoX3VzZXJfaGFzaCI6IjMwMjE0MmIwNzc2ZmIzZGRlMDg0ZGRmYWUxMzY3MDAyOTBiN2FlOGYiLCJfYXV0aF91c2VyX2JhY2tlbmQiOiJkamFuZ28uY29udHJpYi5hdXRoLmJhY2tlbmRzLk1vZGVsQmFja2VuZCIsIl9hdXRoX3VzZXJfaWQiOiIyIn0=', '2017-10-09 08:33:20');
INSERT INTO `django_session` VALUES ('hcjfrj7i77qoavzfg7toueys0w69bg0j', 'ZWM2ZDM0NjU3YmViM2Y2MTI2YzA3MmM4ZDk2YTA3MzBiNzIwNDMxNTp7Il9hdXRoX3VzZXJfaWQiOiIyIiwiX2F1dGhfdXNlcl9oYXNoIjoiMzAyMTQyYjA3NzZmYjNkZGUwODRkZGZhZTEzNjcwMDI5MGI3YWU4ZiIsIl9hdXRoX3VzZXJfYmFja2VuZCI6ImRqYW5nby5jb250cmliLmF1dGguYmFja2VuZHMuTW9kZWxCYWNrZW5kIn0=', '2017-09-19 09:33:57');
INSERT INTO `django_session` VALUES ('hg74at26j59lh7uo7yespjy9fwe5xv0p', 'MjVlOTRhZTZlZWVkNjdlMWI0N2Q4NDBjN2IwZTAyMWIzODRhNzJiNjp7Il9hdXRoX3VzZXJfYmFja2VuZCI6ImRqYW5nby5jb250cmliLmF1dGguYmFja2VuZHMuTW9kZWxCYWNrZW5kIiwiX2F1dGhfdXNlcl9pZCI6IjIiLCJfYXV0aF91c2VyX2hhc2giOiIzMDIxNDJiMDc3NmZiM2RkZTA4NGRkZmFlMTM2NzAwMjkwYjdhZThmIn0=', '2017-10-12 09:34:37');
INSERT INTO `django_session` VALUES ('hixrjuzelkm7hcxlrf1scn38jtkvrjq0', 'NDMwNjUwNjgyODA0Njk3YTBmYjVkOGE5NmY4ZWNjODlhMThhMWVmYjp7Il9hdXRoX3VzZXJfYmFja2VuZCI6ImRqYW5nby5jb250cmliLmF1dGguYmFja2VuZHMuTW9kZWxCYWNrZW5kIiwiX2F1dGhfdXNlcl9oYXNoIjoiMzAyMTQyYjA3NzZmYjNkZGUwODRkZGZhZTEzNjcwMDI5MGI3YWU4ZiIsIl9hdXRoX3VzZXJfaWQiOiIyIn0=', '2017-09-15 09:02:09');
INSERT INTO `django_session` VALUES ('hst7yl5ghpkhihyeu5fvcr2ql4onner2', 'MjVlOTRhZTZlZWVkNjdlMWI0N2Q4NDBjN2IwZTAyMWIzODRhNzJiNjp7Il9hdXRoX3VzZXJfYmFja2VuZCI6ImRqYW5nby5jb250cmliLmF1dGguYmFja2VuZHMuTW9kZWxCYWNrZW5kIiwiX2F1dGhfdXNlcl9pZCI6IjIiLCJfYXV0aF91c2VyX2hhc2giOiIzMDIxNDJiMDc3NmZiM2RkZTA4NGRkZmFlMTM2NzAwMjkwYjdhZThmIn0=', '2017-10-13 07:52:02');
INSERT INTO `django_session` VALUES ('ht7k527kq4kje1j9g9rp5qu9cvcrgnyb', 'NGYyYWM1YjFjMDUzMTBiZmQ3NzQzMDFjOWYyNzVmYzBiMDcyNmY0Njp7Il9hdXRoX3VzZXJfaGFzaCI6IjMwMjE0MmIwNzc2ZmIzZGRlMDg0ZGRmYWUxMzY3MDAyOTBiN2FlOGYiLCJfYXV0aF91c2VyX2JhY2tlbmQiOiJkamFuZ28uY29udHJpYi5hdXRoLmJhY2tlbmRzLk1vZGVsQmFja2VuZCIsIl9hdXRoX3VzZXJfaWQiOiIyIn0=', '2017-10-04 09:53:42');
INSERT INTO `django_session` VALUES ('hvtyn8rm1dpv54xx0tlosgbu2vshq5zb', 'NGYyYWM1YjFjMDUzMTBiZmQ3NzQzMDFjOWYyNzVmYzBiMDcyNmY0Njp7Il9hdXRoX3VzZXJfaGFzaCI6IjMwMjE0MmIwNzc2ZmIzZGRlMDg0ZGRmYWUxMzY3MDAyOTBiN2FlOGYiLCJfYXV0aF91c2VyX2JhY2tlbmQiOiJkamFuZ28uY29udHJpYi5hdXRoLmJhY2tlbmRzLk1vZGVsQmFja2VuZCIsIl9hdXRoX3VzZXJfaWQiOiIyIn0=', '2017-09-12 09:39:57');
INSERT INTO `django_session` VALUES ('hyfm9rdxtravmvdritf8q9u8zeyqm9yt', 'NGYyYWM1YjFjMDUzMTBiZmQ3NzQzMDFjOWYyNzVmYzBiMDcyNmY0Njp7Il9hdXRoX3VzZXJfaGFzaCI6IjMwMjE0MmIwNzc2ZmIzZGRlMDg0ZGRmYWUxMzY3MDAyOTBiN2FlOGYiLCJfYXV0aF91c2VyX2JhY2tlbmQiOiJkamFuZ28uY29udHJpYi5hdXRoLmJhY2tlbmRzLk1vZGVsQmFja2VuZCIsIl9hdXRoX3VzZXJfaWQiOiIyIn0=', '2017-09-21 09:04:36');
INSERT INTO `django_session` VALUES ('hzk9nyupardiovflizo7kss5d0btks0p', 'MjVlOTRhZTZlZWVkNjdlMWI0N2Q4NDBjN2IwZTAyMWIzODRhNzJiNjp7Il9hdXRoX3VzZXJfYmFja2VuZCI6ImRqYW5nby5jb250cmliLmF1dGguYmFja2VuZHMuTW9kZWxCYWNrZW5kIiwiX2F1dGhfdXNlcl9pZCI6IjIiLCJfYXV0aF91c2VyX2hhc2giOiIzMDIxNDJiMDc3NmZiM2RkZTA4NGRkZmFlMTM2NzAwMjkwYjdhZThmIn0=', '2017-09-16 02:49:01');
INSERT INTO `django_session` VALUES ('i741v4loqt9n3je4wj78048ionmww4i8', 'MjVlOTRhZTZlZWVkNjdlMWI0N2Q4NDBjN2IwZTAyMWIzODRhNzJiNjp7Il9hdXRoX3VzZXJfYmFja2VuZCI6ImRqYW5nby5jb250cmliLmF1dGguYmFja2VuZHMuTW9kZWxCYWNrZW5kIiwiX2F1dGhfdXNlcl9pZCI6IjIiLCJfYXV0aF91c2VyX2hhc2giOiIzMDIxNDJiMDc3NmZiM2RkZTA4NGRkZmFlMTM2NzAwMjkwYjdhZThmIn0=', '2017-10-13 07:53:35');
INSERT INTO `django_session` VALUES ('i929ofur8i7w3auyy7x6rpjo4beuneyv', 'NzcwMmRlYTNlYjMzZGJkYzU0NjI5YThhMDFhMDQ3YmMxNzlmMjI5ZDp7Il9hdXRoX3VzZXJfaWQiOiIyIiwiX2F1dGhfdXNlcl9iYWNrZW5kIjoiZGphbmdvLmNvbnRyaWIuYXV0aC5iYWNrZW5kcy5Nb2RlbEJhY2tlbmQiLCJfYXV0aF91c2VyX2hhc2giOiIzMDIxNDJiMDc3NmZiM2RkZTA4NGRkZmFlMTM2NzAwMjkwYjdhZThmIn0=', '2017-09-06 03:15:31');
INSERT INTO `django_session` VALUES ('ibh063lcrwznbkigqj7crczmn2lvxpev', 'ZWM2ZDM0NjU3YmViM2Y2MTI2YzA3MmM4ZDk2YTA3MzBiNzIwNDMxNTp7Il9hdXRoX3VzZXJfaWQiOiIyIiwiX2F1dGhfdXNlcl9oYXNoIjoiMzAyMTQyYjA3NzZmYjNkZGUwODRkZGZhZTEzNjcwMDI5MGI3YWU4ZiIsIl9hdXRoX3VzZXJfYmFja2VuZCI6ImRqYW5nby5jb250cmliLmF1dGguYmFja2VuZHMuTW9kZWxCYWNrZW5kIn0=', '2017-09-05 03:43:35');
INSERT INTO `django_session` VALUES ('ijtc1r6i4o8tp127kzo32yc5hn6ci384', 'NTQxNTc3ZmRjMTg4NjM3ZmFlZDgwOGYxZDNmNjA3ZTIxOWI0ZmNmODp7Il9hdXRoX3VzZXJfaGFzaCI6IjMwMjE0MmIwNzc2ZmIzZGRlMDg0ZGRmYWUxMzY3MDAyOTBiN2FlOGYiLCJfYXV0aF91c2VyX2lkIjoiMiIsIl9hdXRoX3VzZXJfYmFja2VuZCI6ImRqYW5nby5jb250cmliLmF1dGguYmFja2VuZHMuTW9kZWxCYWNrZW5kIn0=', '2017-08-23 07:20:06');
INSERT INTO `django_session` VALUES ('il01zmlvy55i9pb7kl6w3vn0tgvi6img', 'MjVlOTRhZTZlZWVkNjdlMWI0N2Q4NDBjN2IwZTAyMWIzODRhNzJiNjp7Il9hdXRoX3VzZXJfYmFja2VuZCI6ImRqYW5nby5jb250cmliLmF1dGguYmFja2VuZHMuTW9kZWxCYWNrZW5kIiwiX2F1dGhfdXNlcl9pZCI6IjIiLCJfYXV0aF91c2VyX2hhc2giOiIzMDIxNDJiMDc3NmZiM2RkZTA4NGRkZmFlMTM2NzAwMjkwYjdhZThmIn0=', '2017-09-17 07:31:31');
INSERT INTO `django_session` VALUES ('j1fqi9r1n1if6yx8csfizq7ucig6t9ex', 'MjVlOTRhZTZlZWVkNjdlMWI0N2Q4NDBjN2IwZTAyMWIzODRhNzJiNjp7Il9hdXRoX3VzZXJfYmFja2VuZCI6ImRqYW5nby5jb250cmliLmF1dGguYmFja2VuZHMuTW9kZWxCYWNrZW5kIiwiX2F1dGhfdXNlcl9pZCI6IjIiLCJfYXV0aF91c2VyX2hhc2giOiIzMDIxNDJiMDc3NmZiM2RkZTA4NGRkZmFlMTM2NzAwMjkwYjdhZThmIn0=', '2017-09-13 07:45:07');
INSERT INTO `django_session` VALUES ('j1yv306t82ikjne2lbwiltbjxfketisz', 'ZWM2ZDM0NjU3YmViM2Y2MTI2YzA3MmM4ZDk2YTA3MzBiNzIwNDMxNTp7Il9hdXRoX3VzZXJfaWQiOiIyIiwiX2F1dGhfdXNlcl9oYXNoIjoiMzAyMTQyYjA3NzZmYjNkZGUwODRkZGZhZTEzNjcwMDI5MGI3YWU4ZiIsIl9hdXRoX3VzZXJfYmFja2VuZCI6ImRqYW5nby5jb250cmliLmF1dGguYmFja2VuZHMuTW9kZWxCYWNrZW5kIn0=', '2017-09-04 08:00:53');
INSERT INTO `django_session` VALUES ('j4wcx8j3992vneiexsaa8vwhwocwob2p', 'NDMwNjUwNjgyODA0Njk3YTBmYjVkOGE5NmY4ZWNjODlhMThhMWVmYjp7Il9hdXRoX3VzZXJfYmFja2VuZCI6ImRqYW5nby5jb250cmliLmF1dGguYmFja2VuZHMuTW9kZWxCYWNrZW5kIiwiX2F1dGhfdXNlcl9oYXNoIjoiMzAyMTQyYjA3NzZmYjNkZGUwODRkZGZhZTEzNjcwMDI5MGI3YWU4ZiIsIl9hdXRoX3VzZXJfaWQiOiIyIn0=', '2017-10-03 10:13:19');
INSERT INTO `django_session` VALUES ('jblyfojcxolt0ccni9clsvmvkbl6297l', 'NDMwNjUwNjgyODA0Njk3YTBmYjVkOGE5NmY4ZWNjODlhMThhMWVmYjp7Il9hdXRoX3VzZXJfYmFja2VuZCI6ImRqYW5nby5jb250cmliLmF1dGguYmFja2VuZHMuTW9kZWxCYWNrZW5kIiwiX2F1dGhfdXNlcl9oYXNoIjoiMzAyMTQyYjA3NzZmYjNkZGUwODRkZGZhZTEzNjcwMDI5MGI3YWU4ZiIsIl9hdXRoX3VzZXJfaWQiOiIyIn0=', '2017-10-09 03:16:27');
INSERT INTO `django_session` VALUES ('jeac2y0marzdveao7p5wws7ra9dqwmqt', 'ZWM2ZDM0NjU3YmViM2Y2MTI2YzA3MmM4ZDk2YTA3MzBiNzIwNDMxNTp7Il9hdXRoX3VzZXJfaWQiOiIyIiwiX2F1dGhfdXNlcl9oYXNoIjoiMzAyMTQyYjA3NzZmYjNkZGUwODRkZGZhZTEzNjcwMDI5MGI3YWU4ZiIsIl9hdXRoX3VzZXJfYmFja2VuZCI6ImRqYW5nby5jb250cmliLmF1dGguYmFja2VuZHMuTW9kZWxCYWNrZW5kIn0=', '2017-10-06 03:26:58');
INSERT INTO `django_session` VALUES ('jg8iomqtpil9p1d9yfajkqr9yvieleko', 'NTQxNTc3ZmRjMTg4NjM3ZmFlZDgwOGYxZDNmNjA3ZTIxOWI0ZmNmODp7Il9hdXRoX3VzZXJfaGFzaCI6IjMwMjE0MmIwNzc2ZmIzZGRlMDg0ZGRmYWUxMzY3MDAyOTBiN2FlOGYiLCJfYXV0aF91c2VyX2lkIjoiMiIsIl9hdXRoX3VzZXJfYmFja2VuZCI6ImRqYW5nby5jb250cmliLmF1dGguYmFja2VuZHMuTW9kZWxCYWNrZW5kIn0=', '2017-10-05 09:15:21');
INSERT INTO `django_session` VALUES ('jn54hpu6x915x2wls61iow7lt0xa4wno', 'NTQxNTc3ZmRjMTg4NjM3ZmFlZDgwOGYxZDNmNjA3ZTIxOWI0ZmNmODp7Il9hdXRoX3VzZXJfaGFzaCI6IjMwMjE0MmIwNzc2ZmIzZGRlMDg0ZGRmYWUxMzY3MDAyOTBiN2FlOGYiLCJfYXV0aF91c2VyX2lkIjoiMiIsIl9hdXRoX3VzZXJfYmFja2VuZCI6ImRqYW5nby5jb250cmliLmF1dGguYmFja2VuZHMuTW9kZWxCYWNrZW5kIn0=', '2017-09-20 08:15:24');
INSERT INTO `django_session` VALUES ('joam0jk8z6r2p8oemsh2wyfbhxp8fpgc', 'NDMwNjUwNjgyODA0Njk3YTBmYjVkOGE5NmY4ZWNjODlhMThhMWVmYjp7Il9hdXRoX3VzZXJfYmFja2VuZCI6ImRqYW5nby5jb250cmliLmF1dGguYmFja2VuZHMuTW9kZWxCYWNrZW5kIiwiX2F1dGhfdXNlcl9oYXNoIjoiMzAyMTQyYjA3NzZmYjNkZGUwODRkZGZhZTEzNjcwMDI5MGI3YWU4ZiIsIl9hdXRoX3VzZXJfaWQiOiIyIn0=', '2017-10-09 03:16:00');
INSERT INTO `django_session` VALUES ('jrkz7eewuwnf7ilysgpcz0t2swwzknq6', 'NDMwNjUwNjgyODA0Njk3YTBmYjVkOGE5NmY4ZWNjODlhMThhMWVmYjp7Il9hdXRoX3VzZXJfYmFja2VuZCI6ImRqYW5nby5jb250cmliLmF1dGguYmFja2VuZHMuTW9kZWxCYWNrZW5kIiwiX2F1dGhfdXNlcl9oYXNoIjoiMzAyMTQyYjA3NzZmYjNkZGUwODRkZGZhZTEzNjcwMDI5MGI3YWU4ZiIsIl9hdXRoX3VzZXJfaWQiOiIyIn0=', '2017-09-08 08:28:37');
INSERT INTO `django_session` VALUES ('jtu4xj7qnf5158jctvek0e2u6mcnv4zo', 'NTQxNTc3ZmRjMTg4NjM3ZmFlZDgwOGYxZDNmNjA3ZTIxOWI0ZmNmODp7Il9hdXRoX3VzZXJfaGFzaCI6IjMwMjE0MmIwNzc2ZmIzZGRlMDg0ZGRmYWUxMzY3MDAyOTBiN2FlOGYiLCJfYXV0aF91c2VyX2lkIjoiMiIsIl9hdXRoX3VzZXJfYmFja2VuZCI6ImRqYW5nby5jb250cmliLmF1dGguYmFja2VuZHMuTW9kZWxCYWNrZW5kIn0=', '2017-09-21 03:34:33');
INSERT INTO `django_session` VALUES ('ju5g127uphb9pvvkjegg83f6rrl1rgim', 'NzcwMmRlYTNlYjMzZGJkYzU0NjI5YThhMDFhMDQ3YmMxNzlmMjI5ZDp7Il9hdXRoX3VzZXJfaWQiOiIyIiwiX2F1dGhfdXNlcl9iYWNrZW5kIjoiZGphbmdvLmNvbnRyaWIuYXV0aC5iYWNrZW5kcy5Nb2RlbEJhY2tlbmQiLCJfYXV0aF91c2VyX2hhc2giOiIzMDIxNDJiMDc3NmZiM2RkZTA4NGRkZmFlMTM2NzAwMjkwYjdhZThmIn0=', '2017-09-06 03:26:01');
INSERT INTO `django_session` VALUES ('jvq3fmykucs7iytkwxuf4an4mk5ozd71', 'MjVlOTRhZTZlZWVkNjdlMWI0N2Q4NDBjN2IwZTAyMWIzODRhNzJiNjp7Il9hdXRoX3VzZXJfYmFja2VuZCI6ImRqYW5nby5jb250cmliLmF1dGguYmFja2VuZHMuTW9kZWxCYWNrZW5kIiwiX2F1dGhfdXNlcl9pZCI6IjIiLCJfYXV0aF91c2VyX2hhc2giOiIzMDIxNDJiMDc3NmZiM2RkZTA4NGRkZmFlMTM2NzAwMjkwYjdhZThmIn0=', '2017-09-12 02:53:05');
INSERT INTO `django_session` VALUES ('jwxokp57yymr6h87llbcjcayu4q2w594', 'ZWM2ZDM0NjU3YmViM2Y2MTI2YzA3MmM4ZDk2YTA3MzBiNzIwNDMxNTp7Il9hdXRoX3VzZXJfaWQiOiIyIiwiX2F1dGhfdXNlcl9oYXNoIjoiMzAyMTQyYjA3NzZmYjNkZGUwODRkZGZhZTEzNjcwMDI5MGI3YWU4ZiIsIl9hdXRoX3VzZXJfYmFja2VuZCI6ImRqYW5nby5jb250cmliLmF1dGguYmFja2VuZHMuTW9kZWxCYWNrZW5kIn0=', '2017-08-21 10:25:49');
INSERT INTO `django_session` VALUES ('k1aap6x74ztz62nl7vcrqivljw10741j', 'ZWM2ZDM0NjU3YmViM2Y2MTI2YzA3MmM4ZDk2YTA3MzBiNzIwNDMxNTp7Il9hdXRoX3VzZXJfaWQiOiIyIiwiX2F1dGhfdXNlcl9oYXNoIjoiMzAyMTQyYjA3NzZmYjNkZGUwODRkZGZhZTEzNjcwMDI5MGI3YWU4ZiIsIl9hdXRoX3VzZXJfYmFja2VuZCI6ImRqYW5nby5jb250cmliLmF1dGguYmFja2VuZHMuTW9kZWxCYWNrZW5kIn0=', '2017-09-15 06:15:23');
INSERT INTO `django_session` VALUES ('k5cbj1uk3x1ys9jyooeif1ictb82q26i', 'MjVlOTRhZTZlZWVkNjdlMWI0N2Q4NDBjN2IwZTAyMWIzODRhNzJiNjp7Il9hdXRoX3VzZXJfYmFja2VuZCI6ImRqYW5nby5jb250cmliLmF1dGguYmFja2VuZHMuTW9kZWxCYWNrZW5kIiwiX2F1dGhfdXNlcl9pZCI6IjIiLCJfYXV0aF91c2VyX2hhc2giOiIzMDIxNDJiMDc3NmZiM2RkZTA4NGRkZmFlMTM2NzAwMjkwYjdhZThmIn0=', '2017-10-10 03:04:54');
INSERT INTO `django_session` VALUES ('k9dvbu4m5wh9oy9iwzpp5q86vyiz0jsw', 'NTQxNTc3ZmRjMTg4NjM3ZmFlZDgwOGYxZDNmNjA3ZTIxOWI0ZmNmODp7Il9hdXRoX3VzZXJfaGFzaCI6IjMwMjE0MmIwNzc2ZmIzZGRlMDg0ZGRmYWUxMzY3MDAyOTBiN2FlOGYiLCJfYXV0aF91c2VyX2lkIjoiMiIsIl9hdXRoX3VzZXJfYmFja2VuZCI6ImRqYW5nby5jb250cmliLmF1dGguYmFja2VuZHMuTW9kZWxCYWNrZW5kIn0=', '2017-09-19 10:34:54');
INSERT INTO `django_session` VALUES ('kbzx7s57ssu08isr5xh99r37pfpo16bq', 'MjVlOTRhZTZlZWVkNjdlMWI0N2Q4NDBjN2IwZTAyMWIzODRhNzJiNjp7Il9hdXRoX3VzZXJfYmFja2VuZCI6ImRqYW5nby5jb250cmliLmF1dGguYmFja2VuZHMuTW9kZWxCYWNrZW5kIiwiX2F1dGhfdXNlcl9pZCI6IjIiLCJfYXV0aF91c2VyX2hhc2giOiIzMDIxNDJiMDc3NmZiM2RkZTA4NGRkZmFlMTM2NzAwMjkwYjdhZThmIn0=', '2017-09-15 04:06:15');
INSERT INTO `django_session` VALUES ('kcy5lr1pa8vd280izmfkvdwiq959bcgu', 'ZWM2ZDM0NjU3YmViM2Y2MTI2YzA3MmM4ZDk2YTA3MzBiNzIwNDMxNTp7Il9hdXRoX3VzZXJfaWQiOiIyIiwiX2F1dGhfdXNlcl9oYXNoIjoiMzAyMTQyYjA3NzZmYjNkZGUwODRkZGZhZTEzNjcwMDI5MGI3YWU4ZiIsIl9hdXRoX3VzZXJfYmFja2VuZCI6ImRqYW5nby5jb250cmliLmF1dGguYmFja2VuZHMuTW9kZWxCYWNrZW5kIn0=', '2017-09-05 03:54:31');
INSERT INTO `django_session` VALUES ('kfeasfq6341ctjonm0ahle5lyam1q3mv', 'NzcwMmRlYTNlYjMzZGJkYzU0NjI5YThhMDFhMDQ3YmMxNzlmMjI5ZDp7Il9hdXRoX3VzZXJfaWQiOiIyIiwiX2F1dGhfdXNlcl9iYWNrZW5kIjoiZGphbmdvLmNvbnRyaWIuYXV0aC5iYWNrZW5kcy5Nb2RlbEJhY2tlbmQiLCJfYXV0aF91c2VyX2hhc2giOiIzMDIxNDJiMDc3NmZiM2RkZTA4NGRkZmFlMTM2NzAwMjkwYjdhZThmIn0=', '2017-09-14 11:12:48');
INSERT INTO `django_session` VALUES ('kj804z006bzms9ta5eiputgj552w0n9s', 'MjVlOTRhZTZlZWVkNjdlMWI0N2Q4NDBjN2IwZTAyMWIzODRhNzJiNjp7Il9hdXRoX3VzZXJfYmFja2VuZCI6ImRqYW5nby5jb250cmliLmF1dGguYmFja2VuZHMuTW9kZWxCYWNrZW5kIiwiX2F1dGhfdXNlcl9pZCI6IjIiLCJfYXV0aF91c2VyX2hhc2giOiIzMDIxNDJiMDc3NmZiM2RkZTA4NGRkZmFlMTM2NzAwMjkwYjdhZThmIn0=', '2017-09-17 04:40:52');
INSERT INTO `django_session` VALUES ('krjncys8d9869hz2f1idfzuf4vum4ag4', 'NDMwNjUwNjgyODA0Njk3YTBmYjVkOGE5NmY4ZWNjODlhMThhMWVmYjp7Il9hdXRoX3VzZXJfYmFja2VuZCI6ImRqYW5nby5jb250cmliLmF1dGguYmFja2VuZHMuTW9kZWxCYWNrZW5kIiwiX2F1dGhfdXNlcl9oYXNoIjoiMzAyMTQyYjA3NzZmYjNkZGUwODRkZGZhZTEzNjcwMDI5MGI3YWU4ZiIsIl9hdXRoX3VzZXJfaWQiOiIyIn0=', '2017-09-18 07:20:53');
INSERT INTO `django_session` VALUES ('kwhhft08fed55g73lw4rjffdaah2f1ep', 'MjVlOTRhZTZlZWVkNjdlMWI0N2Q4NDBjN2IwZTAyMWIzODRhNzJiNjp7Il9hdXRoX3VzZXJfYmFja2VuZCI6ImRqYW5nby5jb250cmliLmF1dGguYmFja2VuZHMuTW9kZWxCYWNrZW5kIiwiX2F1dGhfdXNlcl9pZCI6IjIiLCJfYXV0aF91c2VyX2hhc2giOiIzMDIxNDJiMDc3NmZiM2RkZTA4NGRkZmFlMTM2NzAwMjkwYjdhZThmIn0=', '2017-09-16 02:50:18');
INSERT INTO `django_session` VALUES ('kxuccfwe88jonndvwswqkwhjjw0dhtzs', 'MjVlOTRhZTZlZWVkNjdlMWI0N2Q4NDBjN2IwZTAyMWIzODRhNzJiNjp7Il9hdXRoX3VzZXJfYmFja2VuZCI6ImRqYW5nby5jb250cmliLmF1dGguYmFja2VuZHMuTW9kZWxCYWNrZW5kIiwiX2F1dGhfdXNlcl9pZCI6IjIiLCJfYXV0aF91c2VyX2hhc2giOiIzMDIxNDJiMDc3NmZiM2RkZTA4NGRkZmFlMTM2NzAwMjkwYjdhZThmIn0=', '2017-09-15 04:10:51');
INSERT INTO `django_session` VALUES ('l05egnbhdzh5y85v9znuggqtyea78pv8', 'ZWM2ZDM0NjU3YmViM2Y2MTI2YzA3MmM4ZDk2YTA3MzBiNzIwNDMxNTp7Il9hdXRoX3VzZXJfaWQiOiIyIiwiX2F1dGhfdXNlcl9oYXNoIjoiMzAyMTQyYjA3NzZmYjNkZGUwODRkZGZhZTEzNjcwMDI5MGI3YWU4ZiIsIl9hdXRoX3VzZXJfYmFja2VuZCI6ImRqYW5nby5jb250cmliLmF1dGguYmFja2VuZHMuTW9kZWxCYWNrZW5kIn0=', '2017-10-10 04:00:06');
INSERT INTO `django_session` VALUES ('l22c81xasdhyobs2mdmgbk0fk93nzg85', 'NDMwNjUwNjgyODA0Njk3YTBmYjVkOGE5NmY4ZWNjODlhMThhMWVmYjp7Il9hdXRoX3VzZXJfYmFja2VuZCI6ImRqYW5nby5jb250cmliLmF1dGguYmFja2VuZHMuTW9kZWxCYWNrZW5kIiwiX2F1dGhfdXNlcl9oYXNoIjoiMzAyMTQyYjA3NzZmYjNkZGUwODRkZGZhZTEzNjcwMDI5MGI3YWU4ZiIsIl9hdXRoX3VzZXJfaWQiOiIyIn0=', '2017-09-14 10:57:08');
INSERT INTO `django_session` VALUES ('l3q75m60sghnl5nvbh5exhnjgnaydzx3', 'MjVlOTRhZTZlZWVkNjdlMWI0N2Q4NDBjN2IwZTAyMWIzODRhNzJiNjp7Il9hdXRoX3VzZXJfYmFja2VuZCI6ImRqYW5nby5jb250cmliLmF1dGguYmFja2VuZHMuTW9kZWxCYWNrZW5kIiwiX2F1dGhfdXNlcl9pZCI6IjIiLCJfYXV0aF91c2VyX2hhc2giOiIzMDIxNDJiMDc3NmZiM2RkZTA4NGRkZmFlMTM2NzAwMjkwYjdhZThmIn0=', '2017-10-13 10:31:43');
INSERT INTO `django_session` VALUES ('l5pv1wps1vnphrl3e5qyn03o47g2ocyq', 'MjVlOTRhZTZlZWVkNjdlMWI0N2Q4NDBjN2IwZTAyMWIzODRhNzJiNjp7Il9hdXRoX3VzZXJfYmFja2VuZCI6ImRqYW5nby5jb250cmliLmF1dGguYmFja2VuZHMuTW9kZWxCYWNrZW5kIiwiX2F1dGhfdXNlcl9pZCI6IjIiLCJfYXV0aF91c2VyX2hhc2giOiIzMDIxNDJiMDc3NmZiM2RkZTA4NGRkZmFlMTM2NzAwMjkwYjdhZThmIn0=', '2017-09-17 03:39:22');
INSERT INTO `django_session` VALUES ('l6gvtvbgun54r7z5etssdnc9gx9t0ej1', 'MjVlOTRhZTZlZWVkNjdlMWI0N2Q4NDBjN2IwZTAyMWIzODRhNzJiNjp7Il9hdXRoX3VzZXJfYmFja2VuZCI6ImRqYW5nby5jb250cmliLmF1dGguYmFja2VuZHMuTW9kZWxCYWNrZW5kIiwiX2F1dGhfdXNlcl9pZCI6IjIiLCJfYXV0aF91c2VyX2hhc2giOiIzMDIxNDJiMDc3NmZiM2RkZTA4NGRkZmFlMTM2NzAwMjkwYjdhZThmIn0=', '2017-10-10 11:59:40');
INSERT INTO `django_session` VALUES ('l72abgutduklrgpinqdfvu7i4kb3pwoa', 'ZWM2ZDM0NjU3YmViM2Y2MTI2YzA3MmM4ZDk2YTA3MzBiNzIwNDMxNTp7Il9hdXRoX3VzZXJfaWQiOiIyIiwiX2F1dGhfdXNlcl9oYXNoIjoiMzAyMTQyYjA3NzZmYjNkZGUwODRkZGZhZTEzNjcwMDI5MGI3YWU4ZiIsIl9hdXRoX3VzZXJfYmFja2VuZCI6ImRqYW5nby5jb250cmliLmF1dGguYmFja2VuZHMuTW9kZWxCYWNrZW5kIn0=', '2017-09-07 07:09:50');
INSERT INTO `django_session` VALUES ('lcj7s0ypo9imwp8jc9m3v2ky4rgvoa70', 'MjVlOTRhZTZlZWVkNjdlMWI0N2Q4NDBjN2IwZTAyMWIzODRhNzJiNjp7Il9hdXRoX3VzZXJfYmFja2VuZCI6ImRqYW5nby5jb250cmliLmF1dGguYmFja2VuZHMuTW9kZWxCYWNrZW5kIiwiX2F1dGhfdXNlcl9pZCI6IjIiLCJfYXV0aF91c2VyX2hhc2giOiIzMDIxNDJiMDc3NmZiM2RkZTA4NGRkZmFlMTM2NzAwMjkwYjdhZThmIn0=', '2017-10-06 11:26:29');
INSERT INTO `django_session` VALUES ('lh17c6shjpfavsddf7vbu6vtoeq0pmxl', 'ZWM2ZDM0NjU3YmViM2Y2MTI2YzA3MmM4ZDk2YTA3MzBiNzIwNDMxNTp7Il9hdXRoX3VzZXJfaWQiOiIyIiwiX2F1dGhfdXNlcl9oYXNoIjoiMzAyMTQyYjA3NzZmYjNkZGUwODRkZGZhZTEzNjcwMDI5MGI3YWU4ZiIsIl9hdXRoX3VzZXJfYmFja2VuZCI6ImRqYW5nby5jb250cmliLmF1dGguYmFja2VuZHMuTW9kZWxCYWNrZW5kIn0=', '2017-10-06 03:29:27');
INSERT INTO `django_session` VALUES ('lo7nclp7gbu0dls7x7ifxq3shszirm00', 'NzcwMmRlYTNlYjMzZGJkYzU0NjI5YThhMDFhMDQ3YmMxNzlmMjI5ZDp7Il9hdXRoX3VzZXJfaWQiOiIyIiwiX2F1dGhfdXNlcl9iYWNrZW5kIjoiZGphbmdvLmNvbnRyaWIuYXV0aC5iYWNrZW5kcy5Nb2RlbEJhY2tlbmQiLCJfYXV0aF91c2VyX2hhc2giOiIzMDIxNDJiMDc3NmZiM2RkZTA4NGRkZmFlMTM2NzAwMjkwYjdhZThmIn0=', '2017-09-14 11:02:21');
INSERT INTO `django_session` VALUES ('lqzv3b45zatxj3d03zloz2r9xsmbfghx', 'NTQxNTc3ZmRjMTg4NjM3ZmFlZDgwOGYxZDNmNjA3ZTIxOWI0ZmNmODp7Il9hdXRoX3VzZXJfaGFzaCI6IjMwMjE0MmIwNzc2ZmIzZGRlMDg0ZGRmYWUxMzY3MDAyOTBiN2FlOGYiLCJfYXV0aF91c2VyX2lkIjoiMiIsIl9hdXRoX3VzZXJfYmFja2VuZCI6ImRqYW5nby5jb250cmliLmF1dGguYmFja2VuZHMuTW9kZWxCYWNrZW5kIn0=', '2017-09-27 09:58:53');
INSERT INTO `django_session` VALUES ('ltfgzhg6nlkpy3myg7yhh21zw03i28ek', 'NGYyYWM1YjFjMDUzMTBiZmQ3NzQzMDFjOWYyNzVmYzBiMDcyNmY0Njp7Il9hdXRoX3VzZXJfaGFzaCI6IjMwMjE0MmIwNzc2ZmIzZGRlMDg0ZGRmYWUxMzY3MDAyOTBiN2FlOGYiLCJfYXV0aF91c2VyX2JhY2tlbmQiOiJkamFuZ28uY29udHJpYi5hdXRoLmJhY2tlbmRzLk1vZGVsQmFja2VuZCIsIl9hdXRoX3VzZXJfaWQiOiIyIn0=', '2017-09-11 07:35:23');
INSERT INTO `django_session` VALUES ('lzvnmerzev1njgxk7aujhbsunc3vh1be', 'ZWM2ZDM0NjU3YmViM2Y2MTI2YzA3MmM4ZDk2YTA3MzBiNzIwNDMxNTp7Il9hdXRoX3VzZXJfaWQiOiIyIiwiX2F1dGhfdXNlcl9oYXNoIjoiMzAyMTQyYjA3NzZmYjNkZGUwODRkZGZhZTEzNjcwMDI5MGI3YWU4ZiIsIl9hdXRoX3VzZXJfYmFja2VuZCI6ImRqYW5nby5jb250cmliLmF1dGguYmFja2VuZHMuTW9kZWxCYWNrZW5kIn0=', '2017-09-19 09:33:04');
INSERT INTO `django_session` VALUES ('m0ehmzv4afhn5x7nvd9sgpykd23jnl84', 'ZWM2ZDM0NjU3YmViM2Y2MTI2YzA3MmM4ZDk2YTA3MzBiNzIwNDMxNTp7Il9hdXRoX3VzZXJfaWQiOiIyIiwiX2F1dGhfdXNlcl9oYXNoIjoiMzAyMTQyYjA3NzZmYjNkZGUwODRkZGZhZTEzNjcwMDI5MGI3YWU4ZiIsIl9hdXRoX3VzZXJfYmFja2VuZCI6ImRqYW5nby5jb250cmliLmF1dGguYmFja2VuZHMuTW9kZWxCYWNrZW5kIn0=', '2017-09-19 10:45:04');
INSERT INTO `django_session` VALUES ('m40nflg5fjpisfnmk00m9j3fszg4b87i', 'NDMwNjUwNjgyODA0Njk3YTBmYjVkOGE5NmY4ZWNjODlhMThhMWVmYjp7Il9hdXRoX3VzZXJfYmFja2VuZCI6ImRqYW5nby5jb250cmliLmF1dGguYmFja2VuZHMuTW9kZWxCYWNrZW5kIiwiX2F1dGhfdXNlcl9oYXNoIjoiMzAyMTQyYjA3NzZmYjNkZGUwODRkZGZhZTEzNjcwMDI5MGI3YWU4ZiIsIl9hdXRoX3VzZXJfaWQiOiIyIn0=', '2017-09-28 12:51:52');
INSERT INTO `django_session` VALUES ('mic1vfc9f7cccr457ls6cp3682al13ne', 'NDMwNjUwNjgyODA0Njk3YTBmYjVkOGE5NmY4ZWNjODlhMThhMWVmYjp7Il9hdXRoX3VzZXJfYmFja2VuZCI6ImRqYW5nby5jb250cmliLmF1dGguYmFja2VuZHMuTW9kZWxCYWNrZW5kIiwiX2F1dGhfdXNlcl9oYXNoIjoiMzAyMTQyYjA3NzZmYjNkZGUwODRkZGZhZTEzNjcwMDI5MGI3YWU4ZiIsIl9hdXRoX3VzZXJfaWQiOiIyIn0=', '2017-09-23 04:28:40');
INSERT INTO `django_session` VALUES ('mmo9ryz8zlzbwz42k9a4ebq18q6uhg0f', 'ZWM2ZDM0NjU3YmViM2Y2MTI2YzA3MmM4ZDk2YTA3MzBiNzIwNDMxNTp7Il9hdXRoX3VzZXJfaWQiOiIyIiwiX2F1dGhfdXNlcl9oYXNoIjoiMzAyMTQyYjA3NzZmYjNkZGUwODRkZGZhZTEzNjcwMDI5MGI3YWU4ZiIsIl9hdXRoX3VzZXJfYmFja2VuZCI6ImRqYW5nby5jb250cmliLmF1dGguYmFja2VuZHMuTW9kZWxCYWNrZW5kIn0=', '2017-09-05 10:02:08');
INSERT INTO `django_session` VALUES ('mp44m5ih5movbjawe0w807mv2icuftom', 'MjVlOTRhZTZlZWVkNjdlMWI0N2Q4NDBjN2IwZTAyMWIzODRhNzJiNjp7Il9hdXRoX3VzZXJfYmFja2VuZCI6ImRqYW5nby5jb250cmliLmF1dGguYmFja2VuZHMuTW9kZWxCYWNrZW5kIiwiX2F1dGhfdXNlcl9pZCI6IjIiLCJfYXV0aF91c2VyX2hhc2giOiIzMDIxNDJiMDc3NmZiM2RkZTA4NGRkZmFlMTM2NzAwMjkwYjdhZThmIn0=', '2017-09-16 03:29:07');
INSERT INTO `django_session` VALUES ('myf924zknze4ki156x7ej4c0pwhou8ax', 'NTQxNTc3ZmRjMTg4NjM3ZmFlZDgwOGYxZDNmNjA3ZTIxOWI0ZmNmODp7Il9hdXRoX3VzZXJfaGFzaCI6IjMwMjE0MmIwNzc2ZmIzZGRlMDg0ZGRmYWUxMzY3MDAyOTBiN2FlOGYiLCJfYXV0aF91c2VyX2lkIjoiMiIsIl9hdXRoX3VzZXJfYmFja2VuZCI6ImRqYW5nby5jb250cmliLmF1dGguYmFja2VuZHMuTW9kZWxCYWNrZW5kIn0=', '2017-10-10 04:06:43');
INSERT INTO `django_session` VALUES ('n9yrkvq9o19u1vbrhvhid8v4mhooykpu', 'MjVlOTRhZTZlZWVkNjdlMWI0N2Q4NDBjN2IwZTAyMWIzODRhNzJiNjp7Il9hdXRoX3VzZXJfYmFja2VuZCI6ImRqYW5nby5jb250cmliLmF1dGguYmFja2VuZHMuTW9kZWxCYWNrZW5kIiwiX2F1dGhfdXNlcl9pZCI6IjIiLCJfYXV0aF91c2VyX2hhc2giOiIzMDIxNDJiMDc3NmZiM2RkZTA4NGRkZmFlMTM2NzAwMjkwYjdhZThmIn0=', '2017-09-18 02:20:24');
INSERT INTO `django_session` VALUES ('nbsgonjk31c13id6bmfg1577ctknzmnc', 'NzcwMmRlYTNlYjMzZGJkYzU0NjI5YThhMDFhMDQ3YmMxNzlmMjI5ZDp7Il9hdXRoX3VzZXJfaWQiOiIyIiwiX2F1dGhfdXNlcl9iYWNrZW5kIjoiZGphbmdvLmNvbnRyaWIuYXV0aC5iYWNrZW5kcy5Nb2RlbEJhY2tlbmQiLCJfYXV0aF91c2VyX2hhc2giOiIzMDIxNDJiMDc3NmZiM2RkZTA4NGRkZmFlMTM2NzAwMjkwYjdhZThmIn0=', '2017-09-12 02:21:11');
INSERT INTO `django_session` VALUES ('ni42nhydjmwirpbp9m5y1vgatc31ozfd', 'NTQxNTc3ZmRjMTg4NjM3ZmFlZDgwOGYxZDNmNjA3ZTIxOWI0ZmNmODp7Il9hdXRoX3VzZXJfaGFzaCI6IjMwMjE0MmIwNzc2ZmIzZGRlMDg0ZGRmYWUxMzY3MDAyOTBiN2FlOGYiLCJfYXV0aF91c2VyX2lkIjoiMiIsIl9hdXRoX3VzZXJfYmFja2VuZCI6ImRqYW5nby5jb250cmliLmF1dGguYmFja2VuZHMuTW9kZWxCYWNrZW5kIn0=', '2017-09-19 07:17:32');
INSERT INTO `django_session` VALUES ('ni7679xwm7grmppt3refx0x14u4k2coi', 'ZWM2ZDM0NjU3YmViM2Y2MTI2YzA3MmM4ZDk2YTA3MzBiNzIwNDMxNTp7Il9hdXRoX3VzZXJfaWQiOiIyIiwiX2F1dGhfdXNlcl9oYXNoIjoiMzAyMTQyYjA3NzZmYjNkZGUwODRkZGZhZTEzNjcwMDI5MGI3YWU4ZiIsIl9hdXRoX3VzZXJfYmFja2VuZCI6ImRqYW5nby5jb250cmliLmF1dGguYmFja2VuZHMuTW9kZWxCYWNrZW5kIn0=', '2017-09-05 08:14:52');
INSERT INTO `django_session` VALUES ('nkqavwj1rjxp8g1jsumnwk4ufmn2xn9i', 'MjVlOTRhZTZlZWVkNjdlMWI0N2Q4NDBjN2IwZTAyMWIzODRhNzJiNjp7Il9hdXRoX3VzZXJfYmFja2VuZCI6ImRqYW5nby5jb250cmliLmF1dGguYmFja2VuZHMuTW9kZWxCYWNrZW5kIiwiX2F1dGhfdXNlcl9pZCI6IjIiLCJfYXV0aF91c2VyX2hhc2giOiIzMDIxNDJiMDc3NmZiM2RkZTA4NGRkZmFlMTM2NzAwMjkwYjdhZThmIn0=', '2017-09-17 07:27:20');
INSERT INTO `django_session` VALUES ('o7osgnxcb59k2agumvribg0ylc0oqcq9', 'ZWM2ZDM0NjU3YmViM2Y2MTI2YzA3MmM4ZDk2YTA3MzBiNzIwNDMxNTp7Il9hdXRoX3VzZXJfaWQiOiIyIiwiX2F1dGhfdXNlcl9oYXNoIjoiMzAyMTQyYjA3NzZmYjNkZGUwODRkZGZhZTEzNjcwMDI5MGI3YWU4ZiIsIl9hdXRoX3VzZXJfYmFja2VuZCI6ImRqYW5nby5jb250cmliLmF1dGguYmFja2VuZHMuTW9kZWxCYWNrZW5kIn0=', '2017-08-31 08:50:27');
INSERT INTO `django_session` VALUES ('o7ox06ca9mk2ur7jkutz3lki0gdldln2', 'NTQxNTc3ZmRjMTg4NjM3ZmFlZDgwOGYxZDNmNjA3ZTIxOWI0ZmNmODp7Il9hdXRoX3VzZXJfaGFzaCI6IjMwMjE0MmIwNzc2ZmIzZGRlMDg0ZGRmYWUxMzY3MDAyOTBiN2FlOGYiLCJfYXV0aF91c2VyX2lkIjoiMiIsIl9hdXRoX3VzZXJfYmFja2VuZCI6ImRqYW5nby5jb250cmliLmF1dGguYmFja2VuZHMuTW9kZWxCYWNrZW5kIn0=', '2017-09-26 08:34:20');
INSERT INTO `django_session` VALUES ('od5h4ht4szae5oy9aegtnjyp8ifb3njn', 'NTQxNTc3ZmRjMTg4NjM3ZmFlZDgwOGYxZDNmNjA3ZTIxOWI0ZmNmODp7Il9hdXRoX3VzZXJfaGFzaCI6IjMwMjE0MmIwNzc2ZmIzZGRlMDg0ZGRmYWUxMzY3MDAyOTBiN2FlOGYiLCJfYXV0aF91c2VyX2lkIjoiMiIsIl9hdXRoX3VzZXJfYmFja2VuZCI6ImRqYW5nby5jb250cmliLmF1dGguYmFja2VuZHMuTW9kZWxCYWNrZW5kIn0=', '2017-09-18 12:35:05');
INSERT INTO `django_session` VALUES ('odgugn3b73e6s7uo9aamczomn2izef5s', 'MjVlOTRhZTZlZWVkNjdlMWI0N2Q4NDBjN2IwZTAyMWIzODRhNzJiNjp7Il9hdXRoX3VzZXJfYmFja2VuZCI6ImRqYW5nby5jb250cmliLmF1dGguYmFja2VuZHMuTW9kZWxCYWNrZW5kIiwiX2F1dGhfdXNlcl9pZCI6IjIiLCJfYXV0aF91c2VyX2hhc2giOiIzMDIxNDJiMDc3NmZiM2RkZTA4NGRkZmFlMTM2NzAwMjkwYjdhZThmIn0=', '2017-10-10 13:11:54');
INSERT INTO `django_session` VALUES ('ogitrv4dobmxe8q7cluk4wbmlj8952ka', 'NDMwNjUwNjgyODA0Njk3YTBmYjVkOGE5NmY4ZWNjODlhMThhMWVmYjp7Il9hdXRoX3VzZXJfYmFja2VuZCI6ImRqYW5nby5jb250cmliLmF1dGguYmFja2VuZHMuTW9kZWxCYWNrZW5kIiwiX2F1dGhfdXNlcl9oYXNoIjoiMzAyMTQyYjA3NzZmYjNkZGUwODRkZGZhZTEzNjcwMDI5MGI3YWU4ZiIsIl9hdXRoX3VzZXJfaWQiOiIyIn0=', '2017-09-18 07:14:21');
INSERT INTO `django_session` VALUES ('om5dsae7jjvflp4kswatyjhpuwrzbr3b', 'MjVlOTRhZTZlZWVkNjdlMWI0N2Q4NDBjN2IwZTAyMWIzODRhNzJiNjp7Il9hdXRoX3VzZXJfYmFja2VuZCI6ImRqYW5nby5jb250cmliLmF1dGguYmFja2VuZHMuTW9kZWxCYWNrZW5kIiwiX2F1dGhfdXNlcl9pZCI6IjIiLCJfYXV0aF91c2VyX2hhc2giOiIzMDIxNDJiMDc3NmZiM2RkZTA4NGRkZmFlMTM2NzAwMjkwYjdhZThmIn0=', '2017-09-16 09:03:17');
INSERT INTO `django_session` VALUES ('ord24yvz9lmeqh8kc5t3qrodxbd5ssty', 'MjVlOTRhZTZlZWVkNjdlMWI0N2Q4NDBjN2IwZTAyMWIzODRhNzJiNjp7Il9hdXRoX3VzZXJfYmFja2VuZCI6ImRqYW5nby5jb250cmliLmF1dGguYmFja2VuZHMuTW9kZWxCYWNrZW5kIiwiX2F1dGhfdXNlcl9pZCI6IjIiLCJfYXV0aF91c2VyX2hhc2giOiIzMDIxNDJiMDc3NmZiM2RkZTA4NGRkZmFlMTM2NzAwMjkwYjdhZThmIn0=', '2017-09-21 02:26:30');
INSERT INTO `django_session` VALUES ('owvjtn5e3hhd719sfgobk97p8egq0lxq', 'MjVlOTRhZTZlZWVkNjdlMWI0N2Q4NDBjN2IwZTAyMWIzODRhNzJiNjp7Il9hdXRoX3VzZXJfYmFja2VuZCI6ImRqYW5nby5jb250cmliLmF1dGguYmFja2VuZHMuTW9kZWxCYWNrZW5kIiwiX2F1dGhfdXNlcl9pZCI6IjIiLCJfYXV0aF91c2VyX2hhc2giOiIzMDIxNDJiMDc3NmZiM2RkZTA4NGRkZmFlMTM2NzAwMjkwYjdhZThmIn0=', '2017-09-25 08:23:09');
INSERT INTO `django_session` VALUES ('oy1lw02asnlhib4fo1ek7kcjmqygntnk', 'NDMwNjUwNjgyODA0Njk3YTBmYjVkOGE5NmY4ZWNjODlhMThhMWVmYjp7Il9hdXRoX3VzZXJfYmFja2VuZCI6ImRqYW5nby5jb250cmliLmF1dGguYmFja2VuZHMuTW9kZWxCYWNrZW5kIiwiX2F1dGhfdXNlcl9oYXNoIjoiMzAyMTQyYjA3NzZmYjNkZGUwODRkZGZhZTEzNjcwMDI5MGI3YWU4ZiIsIl9hdXRoX3VzZXJfaWQiOiIyIn0=', '2017-09-06 09:36:17');
INSERT INTO `django_session` VALUES ('p16fhy861lwicyr5rtbps3tmhcqks594', 'NTQxNTc3ZmRjMTg4NjM3ZmFlZDgwOGYxZDNmNjA3ZTIxOWI0ZmNmODp7Il9hdXRoX3VzZXJfaGFzaCI6IjMwMjE0MmIwNzc2ZmIzZGRlMDg0ZGRmYWUxMzY3MDAyOTBiN2FlOGYiLCJfYXV0aF91c2VyX2lkIjoiMiIsIl9hdXRoX3VzZXJfYmFja2VuZCI6ImRqYW5nby5jb250cmliLmF1dGguYmFja2VuZHMuTW9kZWxCYWNrZW5kIn0=', '2017-09-26 04:24:30');
INSERT INTO `django_session` VALUES ('p190hmu985v1c9z58noqdoadd6ku6lct', 'NTQxNTc3ZmRjMTg4NjM3ZmFlZDgwOGYxZDNmNjA3ZTIxOWI0ZmNmODp7Il9hdXRoX3VzZXJfaGFzaCI6IjMwMjE0MmIwNzc2ZmIzZGRlMDg0ZGRmYWUxMzY3MDAyOTBiN2FlOGYiLCJfYXV0aF91c2VyX2lkIjoiMiIsIl9hdXRoX3VzZXJfYmFja2VuZCI6ImRqYW5nby5jb250cmliLmF1dGguYmFja2VuZHMuTW9kZWxCYWNrZW5kIn0=', '2017-09-26 03:31:48');
INSERT INTO `django_session` VALUES ('p52vi19sd81s3kzt8qyf3tsu5ktmt2f9', 'NGYyYWM1YjFjMDUzMTBiZmQ3NzQzMDFjOWYyNzVmYzBiMDcyNmY0Njp7Il9hdXRoX3VzZXJfaGFzaCI6IjMwMjE0MmIwNzc2ZmIzZGRlMDg0ZGRmYWUxMzY3MDAyOTBiN2FlOGYiLCJfYXV0aF91c2VyX2JhY2tlbmQiOiJkamFuZ28uY29udHJpYi5hdXRoLmJhY2tlbmRzLk1vZGVsQmFja2VuZCIsIl9hdXRoX3VzZXJfaWQiOiIyIn0=', '2017-09-14 04:25:13');
INSERT INTO `django_session` VALUES ('p5dslky37pzyir514j03e8ebdceaud70', 'NzcwMmRlYTNlYjMzZGJkYzU0NjI5YThhMDFhMDQ3YmMxNzlmMjI5ZDp7Il9hdXRoX3VzZXJfaWQiOiIyIiwiX2F1dGhfdXNlcl9iYWNrZW5kIjoiZGphbmdvLmNvbnRyaWIuYXV0aC5iYWNrZW5kcy5Nb2RlbEJhY2tlbmQiLCJfYXV0aF91c2VyX2hhc2giOiIzMDIxNDJiMDc3NmZiM2RkZTA4NGRkZmFlMTM2NzAwMjkwYjdhZThmIn0=', '2017-10-05 04:20:19');
INSERT INTO `django_session` VALUES ('p9f1bfhd7fd0uyjl5e3b9sejtqgjqlrk', 'NDZmMjY1YTJmMWEwYzFjYmM4MDQ3ZjBhYmZiZTUxNzNlMmEyYWQ3MDp7Il9hdXRoX3VzZXJfaGFzaCI6IjE5ZTlmN2JhOTMxZGY1YWM4ZDdjNzAyZjU1ODQ0NTQ0YTJhYjkzZDEiLCJfYXV0aF91c2VyX2JhY2tlbmQiOiJkamFuZ28uY29udHJpYi5hdXRoLmJhY2tlbmRzLk1vZGVsQmFja2VuZCIsIl9hdXRoX3VzZXJfaWQiOiIyIn0=', '2017-08-16 06:25:32');
INSERT INTO `django_session` VALUES ('pd2uht6h1vy7qzjeo5cy6nz2x9m87r7s', 'NDMwNjUwNjgyODA0Njk3YTBmYjVkOGE5NmY4ZWNjODlhMThhMWVmYjp7Il9hdXRoX3VzZXJfYmFja2VuZCI6ImRqYW5nby5jb250cmliLmF1dGguYmFja2VuZHMuTW9kZWxCYWNrZW5kIiwiX2F1dGhfdXNlcl9oYXNoIjoiMzAyMTQyYjA3NzZmYjNkZGUwODRkZGZhZTEzNjcwMDI5MGI3YWU4ZiIsIl9hdXRoX3VzZXJfaWQiOiIyIn0=', '2017-09-23 04:47:23');
INSERT INTO `django_session` VALUES ('pddduef66aa9o5ibne1cc34p9dlvh6iw', 'NzcwMmRlYTNlYjMzZGJkYzU0NjI5YThhMDFhMDQ3YmMxNzlmMjI5ZDp7Il9hdXRoX3VzZXJfaWQiOiIyIiwiX2F1dGhfdXNlcl9iYWNrZW5kIjoiZGphbmdvLmNvbnRyaWIuYXV0aC5iYWNrZW5kcy5Nb2RlbEJhY2tlbmQiLCJfYXV0aF91c2VyX2hhc2giOiIzMDIxNDJiMDc3NmZiM2RkZTA4NGRkZmFlMTM2NzAwMjkwYjdhZThmIn0=', '2017-09-18 08:43:13');
INSERT INTO `django_session` VALUES ('pdg8wstq3il29kbx54tpa31xd0p01yx8', 'NTQxNTc3ZmRjMTg4NjM3ZmFlZDgwOGYxZDNmNjA3ZTIxOWI0ZmNmODp7Il9hdXRoX3VzZXJfaGFzaCI6IjMwMjE0MmIwNzc2ZmIzZGRlMDg0ZGRmYWUxMzY3MDAyOTBiN2FlOGYiLCJfYXV0aF91c2VyX2lkIjoiMiIsIl9hdXRoX3VzZXJfYmFja2VuZCI6ImRqYW5nby5jb250cmliLmF1dGguYmFja2VuZHMuTW9kZWxCYWNrZW5kIn0=', '2017-10-05 03:49:11');
INSERT INTO `django_session` VALUES ('pdxvbxrnhfxhz15wn9dccf9tcq0rtgm4', 'NDMwNjUwNjgyODA0Njk3YTBmYjVkOGE5NmY4ZWNjODlhMThhMWVmYjp7Il9hdXRoX3VzZXJfYmFja2VuZCI6ImRqYW5nby5jb250cmliLmF1dGguYmFja2VuZHMuTW9kZWxCYWNrZW5kIiwiX2F1dGhfdXNlcl9oYXNoIjoiMzAyMTQyYjA3NzZmYjNkZGUwODRkZGZhZTEzNjcwMDI5MGI3YWU4ZiIsIl9hdXRoX3VzZXJfaWQiOiIyIn0=', '2017-09-23 04:46:30');
INSERT INTO `django_session` VALUES ('phibv1iylohwe1wvpolb7myolragakos', 'NDMwNjUwNjgyODA0Njk3YTBmYjVkOGE5NmY4ZWNjODlhMThhMWVmYjp7Il9hdXRoX3VzZXJfYmFja2VuZCI6ImRqYW5nby5jb250cmliLmF1dGguYmFja2VuZHMuTW9kZWxCYWNrZW5kIiwiX2F1dGhfdXNlcl9oYXNoIjoiMzAyMTQyYjA3NzZmYjNkZGUwODRkZGZhZTEzNjcwMDI5MGI3YWU4ZiIsIl9hdXRoX3VzZXJfaWQiOiIyIn0=', '2017-10-10 09:21:04');
INSERT INTO `django_session` VALUES ('pqzpd69u211nx4d9ro3b539rzd98rx5a', 'MjVlOTRhZTZlZWVkNjdlMWI0N2Q4NDBjN2IwZTAyMWIzODRhNzJiNjp7Il9hdXRoX3VzZXJfYmFja2VuZCI6ImRqYW5nby5jb250cmliLmF1dGguYmFja2VuZHMuTW9kZWxCYWNrZW5kIiwiX2F1dGhfdXNlcl9pZCI6IjIiLCJfYXV0aF91c2VyX2hhc2giOiIzMDIxNDJiMDc3NmZiM2RkZTA4NGRkZmFlMTM2NzAwMjkwYjdhZThmIn0=', '2017-08-30 08:16:42');
INSERT INTO `django_session` VALUES ('pundagdw6p73dmpb8jdi656iimity00a', 'ZWM2ZDM0NjU3YmViM2Y2MTI2YzA3MmM4ZDk2YTA3MzBiNzIwNDMxNTp7Il9hdXRoX3VzZXJfaWQiOiIyIiwiX2F1dGhfdXNlcl9oYXNoIjoiMzAyMTQyYjA3NzZmYjNkZGUwODRkZGZhZTEzNjcwMDI5MGI3YWU4ZiIsIl9hdXRoX3VzZXJfYmFja2VuZCI6ImRqYW5nby5jb250cmliLmF1dGguYmFja2VuZHMuTW9kZWxCYWNrZW5kIn0=', '2017-09-14 11:45:53');
INSERT INTO `django_session` VALUES ('pyhlze5rimbo5g1c9q7ml06b7jqhshyp', 'ZWM2ZDM0NjU3YmViM2Y2MTI2YzA3MmM4ZDk2YTA3MzBiNzIwNDMxNTp7Il9hdXRoX3VzZXJfaWQiOiIyIiwiX2F1dGhfdXNlcl9oYXNoIjoiMzAyMTQyYjA3NzZmYjNkZGUwODRkZGZhZTEzNjcwMDI5MGI3YWU4ZiIsIl9hdXRoX3VzZXJfYmFja2VuZCI6ImRqYW5nby5jb250cmliLmF1dGguYmFja2VuZHMuTW9kZWxCYWNrZW5kIn0=', '2017-09-15 06:13:42');
INSERT INTO `django_session` VALUES ('qbzmbkonlhvva5k8l5c53zt2tngr3fax', 'MjVlOTRhZTZlZWVkNjdlMWI0N2Q4NDBjN2IwZTAyMWIzODRhNzJiNjp7Il9hdXRoX3VzZXJfYmFja2VuZCI6ImRqYW5nby5jb250cmliLmF1dGguYmFja2VuZHMuTW9kZWxCYWNrZW5kIiwiX2F1dGhfdXNlcl9pZCI6IjIiLCJfYXV0aF91c2VyX2hhc2giOiIzMDIxNDJiMDc3NmZiM2RkZTA4NGRkZmFlMTM2NzAwMjkwYjdhZThmIn0=', '2017-09-17 02:39:09');
INSERT INTO `django_session` VALUES ('qfp4ff51sxkmbujfsh7fiifagrb08jfx', 'NTQxNTc3ZmRjMTg4NjM3ZmFlZDgwOGYxZDNmNjA3ZTIxOWI0ZmNmODp7Il9hdXRoX3VzZXJfaGFzaCI6IjMwMjE0MmIwNzc2ZmIzZGRlMDg0ZGRmYWUxMzY3MDAyOTBiN2FlOGYiLCJfYXV0aF91c2VyX2lkIjoiMiIsIl9hdXRoX3VzZXJfYmFja2VuZCI6ImRqYW5nby5jb250cmliLmF1dGguYmFja2VuZHMuTW9kZWxCYWNrZW5kIn0=', '2017-08-23 08:35:37');
INSERT INTO `django_session` VALUES ('qjp8kr1jv4knlgibcy5js0amd3oebii2', 'NDMwNjUwNjgyODA0Njk3YTBmYjVkOGE5NmY4ZWNjODlhMThhMWVmYjp7Il9hdXRoX3VzZXJfYmFja2VuZCI6ImRqYW5nby5jb250cmliLmF1dGguYmFja2VuZHMuTW9kZWxCYWNrZW5kIiwiX2F1dGhfdXNlcl9oYXNoIjoiMzAyMTQyYjA3NzZmYjNkZGUwODRkZGZhZTEzNjcwMDI5MGI3YWU4ZiIsIl9hdXRoX3VzZXJfaWQiOiIyIn0=', '2017-09-23 02:41:15');
INSERT INTO `django_session` VALUES ('quhezhh6ao3lqt9o6q9jzwlwef564b2t', 'ZWM2ZDM0NjU3YmViM2Y2MTI2YzA3MmM4ZDk2YTA3MzBiNzIwNDMxNTp7Il9hdXRoX3VzZXJfaWQiOiIyIiwiX2F1dGhfdXNlcl9oYXNoIjoiMzAyMTQyYjA3NzZmYjNkZGUwODRkZGZhZTEzNjcwMDI5MGI3YWU4ZiIsIl9hdXRoX3VzZXJfYmFja2VuZCI6ImRqYW5nby5jb250cmliLmF1dGguYmFja2VuZHMuTW9kZWxCYWNrZW5kIn0=', '2017-09-15 06:11:26');
INSERT INTO `django_session` VALUES ('qz4rja9zct2p8vrismazj7yfddgmtzf1', 'MjVlOTRhZTZlZWVkNjdlMWI0N2Q4NDBjN2IwZTAyMWIzODRhNzJiNjp7Il9hdXRoX3VzZXJfYmFja2VuZCI6ImRqYW5nby5jb250cmliLmF1dGguYmFja2VuZHMuTW9kZWxCYWNrZW5kIiwiX2F1dGhfdXNlcl9pZCI6IjIiLCJfYXV0aF91c2VyX2hhc2giOiIzMDIxNDJiMDc3NmZiM2RkZTA4NGRkZmFlMTM2NzAwMjkwYjdhZThmIn0=', '2017-10-02 04:28:33');
INSERT INTO `django_session` VALUES ('r5qv6c08s8hkdmc4udazheaunwewmw2g', 'ZWM2ZDM0NjU3YmViM2Y2MTI2YzA3MmM4ZDk2YTA3MzBiNzIwNDMxNTp7Il9hdXRoX3VzZXJfaWQiOiIyIiwiX2F1dGhfdXNlcl9oYXNoIjoiMzAyMTQyYjA3NzZmYjNkZGUwODRkZGZhZTEzNjcwMDI5MGI3YWU4ZiIsIl9hdXRoX3VzZXJfYmFja2VuZCI6ImRqYW5nby5jb250cmliLmF1dGguYmFja2VuZHMuTW9kZWxCYWNrZW5kIn0=', '2017-08-22 03:17:12');
INSERT INTO `django_session` VALUES ('r9cgcv58bzppu4mcp7275h2yv645yr33', 'MjVlOTRhZTZlZWVkNjdlMWI0N2Q4NDBjN2IwZTAyMWIzODRhNzJiNjp7Il9hdXRoX3VzZXJfYmFja2VuZCI6ImRqYW5nby5jb250cmliLmF1dGguYmFja2VuZHMuTW9kZWxCYWNrZW5kIiwiX2F1dGhfdXNlcl9pZCI6IjIiLCJfYXV0aF91c2VyX2hhc2giOiIzMDIxNDJiMDc3NmZiM2RkZTA4NGRkZmFlMTM2NzAwMjkwYjdhZThmIn0=', '2017-10-14 07:50:18');
INSERT INTO `django_session` VALUES ('rbefuhyqtxr7vy7y6nsc4hlmk8pkaho3', 'NzcwMmRlYTNlYjMzZGJkYzU0NjI5YThhMDFhMDQ3YmMxNzlmMjI5ZDp7Il9hdXRoX3VzZXJfaWQiOiIyIiwiX2F1dGhfdXNlcl9iYWNrZW5kIjoiZGphbmdvLmNvbnRyaWIuYXV0aC5iYWNrZW5kcy5Nb2RlbEJhY2tlbmQiLCJfYXV0aF91c2VyX2hhc2giOiIzMDIxNDJiMDc3NmZiM2RkZTA4NGRkZmFlMTM2NzAwMjkwYjdhZThmIn0=', '2017-09-05 10:51:14');
INSERT INTO `django_session` VALUES ('rhj5tbr3t38j2vvbt2434x91d5uglkyd', 'NzcwMmRlYTNlYjMzZGJkYzU0NjI5YThhMDFhMDQ3YmMxNzlmMjI5ZDp7Il9hdXRoX3VzZXJfaWQiOiIyIiwiX2F1dGhfdXNlcl9iYWNrZW5kIjoiZGphbmdvLmNvbnRyaWIuYXV0aC5iYWNrZW5kcy5Nb2RlbEJhY2tlbmQiLCJfYXV0aF91c2VyX2hhc2giOiIzMDIxNDJiMDc3NmZiM2RkZTA4NGRkZmFlMTM2NzAwMjkwYjdhZThmIn0=', '2017-10-10 07:43:54');
INSERT INTO `django_session` VALUES ('rhl85e6pe6portesll9y4mgw3hkgvqd1', 'MjVlOTRhZTZlZWVkNjdlMWI0N2Q4NDBjN2IwZTAyMWIzODRhNzJiNjp7Il9hdXRoX3VzZXJfYmFja2VuZCI6ImRqYW5nby5jb250cmliLmF1dGguYmFja2VuZHMuTW9kZWxCYWNrZW5kIiwiX2F1dGhfdXNlcl9pZCI6IjIiLCJfYXV0aF91c2VyX2hhc2giOiIzMDIxNDJiMDc3NmZiM2RkZTA4NGRkZmFlMTM2NzAwMjkwYjdhZThmIn0=', '2017-09-17 04:07:40');
INSERT INTO `django_session` VALUES ('rhr6r8utwzulqwu6nn8wh89fx9mrw8n8', 'MjVlOTRhZTZlZWVkNjdlMWI0N2Q4NDBjN2IwZTAyMWIzODRhNzJiNjp7Il9hdXRoX3VzZXJfYmFja2VuZCI6ImRqYW5nby5jb250cmliLmF1dGguYmFja2VuZHMuTW9kZWxCYWNrZW5kIiwiX2F1dGhfdXNlcl9pZCI6IjIiLCJfYXV0aF91c2VyX2hhc2giOiIzMDIxNDJiMDc3NmZiM2RkZTA4NGRkZmFlMTM2NzAwMjkwYjdhZThmIn0=', '2017-09-16 07:37:13');
INSERT INTO `django_session` VALUES ('rj5mhi23pgvga27y6hc0a3rykncl3gfc', 'NTQxNTc3ZmRjMTg4NjM3ZmFlZDgwOGYxZDNmNjA3ZTIxOWI0ZmNmODp7Il9hdXRoX3VzZXJfaGFzaCI6IjMwMjE0MmIwNzc2ZmIzZGRlMDg0ZGRmYWUxMzY3MDAyOTBiN2FlOGYiLCJfYXV0aF91c2VyX2lkIjoiMiIsIl9hdXRoX3VzZXJfYmFja2VuZCI6ImRqYW5nby5jb250cmliLmF1dGguYmFja2VuZHMuTW9kZWxCYWNrZW5kIn0=', '2017-09-20 06:14:20');
INSERT INTO `django_session` VALUES ('rmvu1l9u7gh2m86jp9mmsyl4hb4eaxs4', 'NDMwNjUwNjgyODA0Njk3YTBmYjVkOGE5NmY4ZWNjODlhMThhMWVmYjp7Il9hdXRoX3VzZXJfYmFja2VuZCI6ImRqYW5nby5jb250cmliLmF1dGguYmFja2VuZHMuTW9kZWxCYWNrZW5kIiwiX2F1dGhfdXNlcl9oYXNoIjoiMzAyMTQyYjA3NzZmYjNkZGUwODRkZGZhZTEzNjcwMDI5MGI3YWU4ZiIsIl9hdXRoX3VzZXJfaWQiOiIyIn0=', '2017-09-23 04:21:49');
INSERT INTO `django_session` VALUES ('rs6bgefpl6522gfpfz59vo509sty10u6', 'MjVlOTRhZTZlZWVkNjdlMWI0N2Q4NDBjN2IwZTAyMWIzODRhNzJiNjp7Il9hdXRoX3VzZXJfYmFja2VuZCI6ImRqYW5nby5jb250cmliLmF1dGguYmFja2VuZHMuTW9kZWxCYWNrZW5kIiwiX2F1dGhfdXNlcl9pZCI6IjIiLCJfYXV0aF91c2VyX2hhc2giOiIzMDIxNDJiMDc3NmZiM2RkZTA4NGRkZmFlMTM2NzAwMjkwYjdhZThmIn0=', '2017-09-18 02:20:24');
INSERT INTO `django_session` VALUES ('rv8ijuvjcokc54uzch1lgbphj3p9hmtf', 'MjVlOTRhZTZlZWVkNjdlMWI0N2Q4NDBjN2IwZTAyMWIzODRhNzJiNjp7Il9hdXRoX3VzZXJfYmFja2VuZCI6ImRqYW5nby5jb250cmliLmF1dGguYmFja2VuZHMuTW9kZWxCYWNrZW5kIiwiX2F1dGhfdXNlcl9pZCI6IjIiLCJfYXV0aF91c2VyX2hhc2giOiIzMDIxNDJiMDc3NmZiM2RkZTA4NGRkZmFlMTM2NzAwMjkwYjdhZThmIn0=', '2017-09-16 10:03:48');
INSERT INTO `django_session` VALUES ('s043hys8ep973figna6fm5vg5tal9jrd', 'NDMwNjUwNjgyODA0Njk3YTBmYjVkOGE5NmY4ZWNjODlhMThhMWVmYjp7Il9hdXRoX3VzZXJfYmFja2VuZCI6ImRqYW5nby5jb250cmliLmF1dGguYmFja2VuZHMuTW9kZWxCYWNrZW5kIiwiX2F1dGhfdXNlcl9oYXNoIjoiMzAyMTQyYjA3NzZmYjNkZGUwODRkZGZhZTEzNjcwMDI5MGI3YWU4ZiIsIl9hdXRoX3VzZXJfaWQiOiIyIn0=', '2017-09-14 10:45:34');
INSERT INTO `django_session` VALUES ('s94h3ely1wm771gxjk7se91p1h4w9rn5', 'NzcwMmRlYTNlYjMzZGJkYzU0NjI5YThhMDFhMDQ3YmMxNzlmMjI5ZDp7Il9hdXRoX3VzZXJfaWQiOiIyIiwiX2F1dGhfdXNlcl9iYWNrZW5kIjoiZGphbmdvLmNvbnRyaWIuYXV0aC5iYWNrZW5kcy5Nb2RlbEJhY2tlbmQiLCJfYXV0aF91c2VyX2hhc2giOiIzMDIxNDJiMDc3NmZiM2RkZTA4NGRkZmFlMTM2NzAwMjkwYjdhZThmIn0=', '2017-09-05 10:23:16');
INSERT INTO `django_session` VALUES ('s9jcp176z1cnnw3t9m4p0bs6h2ez1udc', 'M2Y5ZTIwZmFlMzU3ZTM2ZWJhZjY3MGQ1MDk1NTc5NGIyNjJmYmUzMTp7Il9hdXRoX3VzZXJfaWQiOiIyIiwiX2F1dGhfdXNlcl9iYWNrZW5kIjoiZGphbmdvLmNvbnRyaWIuYXV0aC5iYWNrZW5kcy5Nb2RlbEJhY2tlbmQiLCJfYXV0aF91c2VyX2hhc2giOiIxOWU5ZjdiYTkzMWRmNWFjOGQ3YzcwMmY1NTg0NDU0NGEyYWI5M2QxIn0=', '2017-08-17 10:54:07');
INSERT INTO `django_session` VALUES ('scjgamrlr6cx8umqdguif5wd5232d7zl', 'MjVlOTRhZTZlZWVkNjdlMWI0N2Q4NDBjN2IwZTAyMWIzODRhNzJiNjp7Il9hdXRoX3VzZXJfYmFja2VuZCI6ImRqYW5nby5jb250cmliLmF1dGguYmFja2VuZHMuTW9kZWxCYWNrZW5kIiwiX2F1dGhfdXNlcl9pZCI6IjIiLCJfYXV0aF91c2VyX2hhc2giOiIzMDIxNDJiMDc3NmZiM2RkZTA4NGRkZmFlMTM2NzAwMjkwYjdhZThmIn0=', '2017-09-13 06:00:40');
INSERT INTO `django_session` VALUES ('sd226rb4sgbqfzsig30xcf8hiv1dwz5l', 'NzcwMmRlYTNlYjMzZGJkYzU0NjI5YThhMDFhMDQ3YmMxNzlmMjI5ZDp7Il9hdXRoX3VzZXJfaWQiOiIyIiwiX2F1dGhfdXNlcl9iYWNrZW5kIjoiZGphbmdvLmNvbnRyaWIuYXV0aC5iYWNrZW5kcy5Nb2RlbEJhY2tlbmQiLCJfYXV0aF91c2VyX2hhc2giOiIzMDIxNDJiMDc3NmZiM2RkZTA4NGRkZmFlMTM2NzAwMjkwYjdhZThmIn0=', '2017-10-10 08:00:01');
INSERT INTO `django_session` VALUES ('shn3d2l7haba4k4l6fqnpefa8hkko353', 'ZWM2ZDM0NjU3YmViM2Y2MTI2YzA3MmM4ZDk2YTA3MzBiNzIwNDMxNTp7Il9hdXRoX3VzZXJfaWQiOiIyIiwiX2F1dGhfdXNlcl9oYXNoIjoiMzAyMTQyYjA3NzZmYjNkZGUwODRkZGZhZTEzNjcwMDI5MGI3YWU4ZiIsIl9hdXRoX3VzZXJfYmFja2VuZCI6ImRqYW5nby5jb250cmliLmF1dGguYmFja2VuZHMuTW9kZWxCYWNrZW5kIn0=', '2017-08-31 09:03:36');
INSERT INTO `django_session` VALUES ('sm6ikxsyt74rs7aelkwm0a9igt0hs6rl', 'NzcwMmRlYTNlYjMzZGJkYzU0NjI5YThhMDFhMDQ3YmMxNzlmMjI5ZDp7Il9hdXRoX3VzZXJfaWQiOiIyIiwiX2F1dGhfdXNlcl9iYWNrZW5kIjoiZGphbmdvLmNvbnRyaWIuYXV0aC5iYWNrZW5kcy5Nb2RlbEJhY2tlbmQiLCJfYXV0aF91c2VyX2hhc2giOiIzMDIxNDJiMDc3NmZiM2RkZTA4NGRkZmFlMTM2NzAwMjkwYjdhZThmIn0=', '2017-09-25 04:15:44');
INSERT INTO `django_session` VALUES ('subd4izvca9ynh69dc2h9frmb3kpbyb1', 'MjVlOTRhZTZlZWVkNjdlMWI0N2Q4NDBjN2IwZTAyMWIzODRhNzJiNjp7Il9hdXRoX3VzZXJfYmFja2VuZCI6ImRqYW5nby5jb250cmliLmF1dGguYmFja2VuZHMuTW9kZWxCYWNrZW5kIiwiX2F1dGhfdXNlcl9pZCI6IjIiLCJfYXV0aF91c2VyX2hhc2giOiIzMDIxNDJiMDc3NmZiM2RkZTA4NGRkZmFlMTM2NzAwMjkwYjdhZThmIn0=', '2017-09-16 10:34:11');
INSERT INTO `django_session` VALUES ('suesaw93bxmpks3fs9he61zf2ehl033p', 'MjVlOTRhZTZlZWVkNjdlMWI0N2Q4NDBjN2IwZTAyMWIzODRhNzJiNjp7Il9hdXRoX3VzZXJfYmFja2VuZCI6ImRqYW5nby5jb250cmliLmF1dGguYmFja2VuZHMuTW9kZWxCYWNrZW5kIiwiX2F1dGhfdXNlcl9pZCI6IjIiLCJfYXV0aF91c2VyX2hhc2giOiIzMDIxNDJiMDc3NmZiM2RkZTA4NGRkZmFlMTM2NzAwMjkwYjdhZThmIn0=', '2017-10-14 04:16:05');
INSERT INTO `django_session` VALUES ('sy7ndqu58ezjf2ufm47nbyu7pr3wk9oc', 'ZWM2ZDM0NjU3YmViM2Y2MTI2YzA3MmM4ZDk2YTA3MzBiNzIwNDMxNTp7Il9hdXRoX3VzZXJfaWQiOiIyIiwiX2F1dGhfdXNlcl9oYXNoIjoiMzAyMTQyYjA3NzZmYjNkZGUwODRkZGZhZTEzNjcwMDI5MGI3YWU4ZiIsIl9hdXRoX3VzZXJfYmFja2VuZCI6ImRqYW5nby5jb250cmliLmF1dGguYmFja2VuZHMuTW9kZWxCYWNrZW5kIn0=', '2017-09-04 07:58:56');
INSERT INTO `django_session` VALUES ('t78lunl1d480rbq18kidrhi7frnut141', 'NTQxNTc3ZmRjMTg4NjM3ZmFlZDgwOGYxZDNmNjA3ZTIxOWI0ZmNmODp7Il9hdXRoX3VzZXJfaGFzaCI6IjMwMjE0MmIwNzc2ZmIzZGRlMDg0ZGRmYWUxMzY3MDAyOTBiN2FlOGYiLCJfYXV0aF91c2VyX2lkIjoiMiIsIl9hdXRoX3VzZXJfYmFja2VuZCI6ImRqYW5nby5jb250cmliLmF1dGguYmFja2VuZHMuTW9kZWxCYWNrZW5kIn0=', '2017-09-26 02:46:44');
INSERT INTO `django_session` VALUES ('tr83qpe6zqabdc694vkddopd3ty7hs4n', 'NDQ5MzM0NWVmYzc0YWRlMTE4NmQwNDMwODM1NTA3ZTk0MTM2NDhhZjp7Il9hdXRoX3VzZXJfYmFja2VuZCI6ImRqYW5nby5jb250cmliLmF1dGguYmFja2VuZHMuTW9kZWxCYWNrZW5kIiwiX2F1dGhfdXNlcl9pZCI6IjIiLCJfYXV0aF91c2VyX2hhc2giOiIxOWU5ZjdiYTkzMWRmNWFjOGQ3YzcwMmY1NTg0NDU0NGEyYWI5M2QxIn0=', '2017-08-14 08:40:39');
INSERT INTO `django_session` VALUES ('twaj92yuroezbqifi35zbz5ya8cjtcpb', 'NGYyYWM1YjFjMDUzMTBiZmQ3NzQzMDFjOWYyNzVmYzBiMDcyNmY0Njp7Il9hdXRoX3VzZXJfaGFzaCI6IjMwMjE0MmIwNzc2ZmIzZGRlMDg0ZGRmYWUxMzY3MDAyOTBiN2FlOGYiLCJfYXV0aF91c2VyX2JhY2tlbmQiOiJkamFuZ28uY29udHJpYi5hdXRoLmJhY2tlbmRzLk1vZGVsQmFja2VuZCIsIl9hdXRoX3VzZXJfaWQiOiIyIn0=', '2017-08-25 04:30:01');
INSERT INTO `django_session` VALUES ('u4g00cvng85mr9iyzm6jv3mca8iuhtti', 'NGYyYWM1YjFjMDUzMTBiZmQ3NzQzMDFjOWYyNzVmYzBiMDcyNmY0Njp7Il9hdXRoX3VzZXJfaGFzaCI6IjMwMjE0MmIwNzc2ZmIzZGRlMDg0ZGRmYWUxMzY3MDAyOTBiN2FlOGYiLCJfYXV0aF91c2VyX2JhY2tlbmQiOiJkamFuZ28uY29udHJpYi5hdXRoLmJhY2tlbmRzLk1vZGVsQmFja2VuZCIsIl9hdXRoX3VzZXJfaWQiOiIyIn0=', '2017-09-12 12:01:54');
INSERT INTO `django_session` VALUES ('ugujt3b3jsmb1cdep2vdn0d2t2fehws3', 'NGYyYWM1YjFjMDUzMTBiZmQ3NzQzMDFjOWYyNzVmYzBiMDcyNmY0Njp7Il9hdXRoX3VzZXJfaGFzaCI6IjMwMjE0MmIwNzc2ZmIzZGRlMDg0ZGRmYWUxMzY3MDAyOTBiN2FlOGYiLCJfYXV0aF91c2VyX2JhY2tlbmQiOiJkamFuZ28uY29udHJpYi5hdXRoLmJhY2tlbmRzLk1vZGVsQmFja2VuZCIsIl9hdXRoX3VzZXJfaWQiOiIyIn0=', '2017-10-13 06:17:03');
INSERT INTO `django_session` VALUES ('ul17ni77zy5jjs1evi7vusm9i992hiph', 'MjVlOTRhZTZlZWVkNjdlMWI0N2Q4NDBjN2IwZTAyMWIzODRhNzJiNjp7Il9hdXRoX3VzZXJfYmFja2VuZCI6ImRqYW5nby5jb250cmliLmF1dGguYmFja2VuZHMuTW9kZWxCYWNrZW5kIiwiX2F1dGhfdXNlcl9pZCI6IjIiLCJfYXV0aF91c2VyX2hhc2giOiIzMDIxNDJiMDc3NmZiM2RkZTA4NGRkZmFlMTM2NzAwMjkwYjdhZThmIn0=', '2017-09-17 03:50:25');
INSERT INTO `django_session` VALUES ('usamnqf22mj9wzeosx7cehdfukkhb4n7', 'NTQxNTc3ZmRjMTg4NjM3ZmFlZDgwOGYxZDNmNjA3ZTIxOWI0ZmNmODp7Il9hdXRoX3VzZXJfaGFzaCI6IjMwMjE0MmIwNzc2ZmIzZGRlMDg0ZGRmYWUxMzY3MDAyOTBiN2FlOGYiLCJfYXV0aF91c2VyX2lkIjoiMiIsIl9hdXRoX3VzZXJfYmFja2VuZCI6ImRqYW5nby5jb250cmliLmF1dGguYmFja2VuZHMuTW9kZWxCYWNrZW5kIn0=', '2017-09-18 02:38:47');
INSERT INTO `django_session` VALUES ('utb2nn4b6exqvga90ukve394zabg6y7s', 'NDMwNjUwNjgyODA0Njk3YTBmYjVkOGE5NmY4ZWNjODlhMThhMWVmYjp7Il9hdXRoX3VzZXJfYmFja2VuZCI6ImRqYW5nby5jb250cmliLmF1dGguYmFja2VuZHMuTW9kZWxCYWNrZW5kIiwiX2F1dGhfdXNlcl9oYXNoIjoiMzAyMTQyYjA3NzZmYjNkZGUwODRkZGZhZTEzNjcwMDI5MGI3YWU4ZiIsIl9hdXRoX3VzZXJfaWQiOiIyIn0=', '2017-10-03 12:52:05');
INSERT INTO `django_session` VALUES ('ux9frx44hsscplccny36xhybxsva5ui0', 'NGYyYWM1YjFjMDUzMTBiZmQ3NzQzMDFjOWYyNzVmYzBiMDcyNmY0Njp7Il9hdXRoX3VzZXJfaGFzaCI6IjMwMjE0MmIwNzc2ZmIzZGRlMDg0ZGRmYWUxMzY3MDAyOTBiN2FlOGYiLCJfYXV0aF91c2VyX2JhY2tlbmQiOiJkamFuZ28uY29udHJpYi5hdXRoLmJhY2tlbmRzLk1vZGVsQmFja2VuZCIsIl9hdXRoX3VzZXJfaWQiOiIyIn0=', '2017-09-18 02:36:41');
INSERT INTO `django_session` VALUES ('v2tx7lict0lroevaitn3km9mdaex52yg', 'ZWM2ZDM0NjU3YmViM2Y2MTI2YzA3MmM4ZDk2YTA3MzBiNzIwNDMxNTp7Il9hdXRoX3VzZXJfaWQiOiIyIiwiX2F1dGhfdXNlcl9oYXNoIjoiMzAyMTQyYjA3NzZmYjNkZGUwODRkZGZhZTEzNjcwMDI5MGI3YWU4ZiIsIl9hdXRoX3VzZXJfYmFja2VuZCI6ImRqYW5nby5jb250cmliLmF1dGguYmFja2VuZHMuTW9kZWxCYWNrZW5kIn0=', '2017-09-01 04:17:12');
INSERT INTO `django_session` VALUES ('v2ukku30etju8bm4sfomsezvzecuz0ly', 'NGYyYWM1YjFjMDUzMTBiZmQ3NzQzMDFjOWYyNzVmYzBiMDcyNmY0Njp7Il9hdXRoX3VzZXJfaGFzaCI6IjMwMjE0MmIwNzc2ZmIzZGRlMDg0ZGRmYWUxMzY3MDAyOTBiN2FlOGYiLCJfYXV0aF91c2VyX2JhY2tlbmQiOiJkamFuZ28uY29udHJpYi5hdXRoLmJhY2tlbmRzLk1vZGVsQmFja2VuZCIsIl9hdXRoX3VzZXJfaWQiOiIyIn0=', '2017-10-03 03:27:57');
INSERT INTO `django_session` VALUES ('v8j1ppio2tpw658c0measd7wephscbhs', 'ZWM2ZDM0NjU3YmViM2Y2MTI2YzA3MmM4ZDk2YTA3MzBiNzIwNDMxNTp7Il9hdXRoX3VzZXJfaWQiOiIyIiwiX2F1dGhfdXNlcl9oYXNoIjoiMzAyMTQyYjA3NzZmYjNkZGUwODRkZGZhZTEzNjcwMDI5MGI3YWU4ZiIsIl9hdXRoX3VzZXJfYmFja2VuZCI6ImRqYW5nby5jb250cmliLmF1dGguYmFja2VuZHMuTW9kZWxCYWNrZW5kIn0=', '2017-09-04 02:55:14');
INSERT INTO `django_session` VALUES ('v9eftdngpdg5zv2g1pz9yfo2f3pplzlw', 'MjVlOTRhZTZlZWVkNjdlMWI0N2Q4NDBjN2IwZTAyMWIzODRhNzJiNjp7Il9hdXRoX3VzZXJfYmFja2VuZCI6ImRqYW5nby5jb250cmliLmF1dGguYmFja2VuZHMuTW9kZWxCYWNrZW5kIiwiX2F1dGhfdXNlcl9pZCI6IjIiLCJfYXV0aF91c2VyX2hhc2giOiIzMDIxNDJiMDc3NmZiM2RkZTA4NGRkZmFlMTM2NzAwMjkwYjdhZThmIn0=', '2017-09-16 07:14:20');
INSERT INTO `django_session` VALUES ('vom8bdebyqlvgv4lbq04uuektjfauoez', 'NTQxNTc3ZmRjMTg4NjM3ZmFlZDgwOGYxZDNmNjA3ZTIxOWI0ZmNmODp7Il9hdXRoX3VzZXJfaGFzaCI6IjMwMjE0MmIwNzc2ZmIzZGRlMDg0ZGRmYWUxMzY3MDAyOTBiN2FlOGYiLCJfYXV0aF91c2VyX2lkIjoiMiIsIl9hdXRoX3VzZXJfYmFja2VuZCI6ImRqYW5nby5jb250cmliLmF1dGguYmFja2VuZHMuTW9kZWxCYWNrZW5kIn0=', '2017-09-20 10:18:52');
INSERT INTO `django_session` VALUES ('vu847i3d9unb5kilg9ggqgckem3xvs0m', 'NDMwNjUwNjgyODA0Njk3YTBmYjVkOGE5NmY4ZWNjODlhMThhMWVmYjp7Il9hdXRoX3VzZXJfYmFja2VuZCI6ImRqYW5nby5jb250cmliLmF1dGguYmFja2VuZHMuTW9kZWxCYWNrZW5kIiwiX2F1dGhfdXNlcl9oYXNoIjoiMzAyMTQyYjA3NzZmYjNkZGUwODRkZGZhZTEzNjcwMDI5MGI3YWU4ZiIsIl9hdXRoX3VzZXJfaWQiOiIyIn0=', '2017-09-23 02:34:19');
INSERT INTO `django_session` VALUES ('w5hikjsttviv33gvvkpolxytmjkg0x97', 'NzcwMmRlYTNlYjMzZGJkYzU0NjI5YThhMDFhMDQ3YmMxNzlmMjI5ZDp7Il9hdXRoX3VzZXJfaWQiOiIyIiwiX2F1dGhfdXNlcl9iYWNrZW5kIjoiZGphbmdvLmNvbnRyaWIuYXV0aC5iYWNrZW5kcy5Nb2RlbEJhY2tlbmQiLCJfYXV0aF91c2VyX2hhc2giOiIzMDIxNDJiMDc3NmZiM2RkZTA4NGRkZmFlMTM2NzAwMjkwYjdhZThmIn0=', '2017-09-08 08:54:09');
INSERT INTO `django_session` VALUES ('w8mc19b88mm0pw3il5q49ig67wf339nt', 'NDMwNjUwNjgyODA0Njk3YTBmYjVkOGE5NmY4ZWNjODlhMThhMWVmYjp7Il9hdXRoX3VzZXJfYmFja2VuZCI6ImRqYW5nby5jb250cmliLmF1dGguYmFja2VuZHMuTW9kZWxCYWNrZW5kIiwiX2F1dGhfdXNlcl9oYXNoIjoiMzAyMTQyYjA3NzZmYjNkZGUwODRkZGZhZTEzNjcwMDI5MGI3YWU4ZiIsIl9hdXRoX3VzZXJfaWQiOiIyIn0=', '2017-09-22 13:03:20');
INSERT INTO `django_session` VALUES ('wc78nl6hves552dipsgfpc6wn1a41zkj', 'NDMwNjUwNjgyODA0Njk3YTBmYjVkOGE5NmY4ZWNjODlhMThhMWVmYjp7Il9hdXRoX3VzZXJfYmFja2VuZCI6ImRqYW5nby5jb250cmliLmF1dGguYmFja2VuZHMuTW9kZWxCYWNrZW5kIiwiX2F1dGhfdXNlcl9oYXNoIjoiMzAyMTQyYjA3NzZmYjNkZGUwODRkZGZhZTEzNjcwMDI5MGI3YWU4ZiIsIl9hdXRoX3VzZXJfaWQiOiIyIn0=', '2017-10-03 07:19:33');
INSERT INTO `django_session` VALUES ('wgjcmjvwbdjbs6q5rzxmhxzfcsi0eh3a', 'NGYyYWM1YjFjMDUzMTBiZmQ3NzQzMDFjOWYyNzVmYzBiMDcyNmY0Njp7Il9hdXRoX3VzZXJfaGFzaCI6IjMwMjE0MmIwNzc2ZmIzZGRlMDg0ZGRmYWUxMzY3MDAyOTBiN2FlOGYiLCJfYXV0aF91c2VyX2JhY2tlbmQiOiJkamFuZ28uY29udHJpYi5hdXRoLmJhY2tlbmRzLk1vZGVsQmFja2VuZCIsIl9hdXRoX3VzZXJfaWQiOiIyIn0=', '2017-09-21 07:52:16');
INSERT INTO `django_session` VALUES ('wte6uwulpk663cryenqppp5g3oidy8ym', 'NzcwMmRlYTNlYjMzZGJkYzU0NjI5YThhMDFhMDQ3YmMxNzlmMjI5ZDp7Il9hdXRoX3VzZXJfaWQiOiIyIiwiX2F1dGhfdXNlcl9iYWNrZW5kIjoiZGphbmdvLmNvbnRyaWIuYXV0aC5iYWNrZW5kcy5Nb2RlbEJhY2tlbmQiLCJfYXV0aF91c2VyX2hhc2giOiIzMDIxNDJiMDc3NmZiM2RkZTA4NGRkZmFlMTM2NzAwMjkwYjdhZThmIn0=', '2017-09-05 10:12:30');
INSERT INTO `django_session` VALUES ('xd7m2uxiwllfr0wa2y6obgjdt9zry1pm', 'MjVlOTRhZTZlZWVkNjdlMWI0N2Q4NDBjN2IwZTAyMWIzODRhNzJiNjp7Il9hdXRoX3VzZXJfYmFja2VuZCI6ImRqYW5nby5jb250cmliLmF1dGguYmFja2VuZHMuTW9kZWxCYWNrZW5kIiwiX2F1dGhfdXNlcl9pZCI6IjIiLCJfYXV0aF91c2VyX2hhc2giOiIzMDIxNDJiMDc3NmZiM2RkZTA4NGRkZmFlMTM2NzAwMjkwYjdhZThmIn0=', '2017-09-16 07:40:54');
INSERT INTO `django_session` VALUES ('xekruhk7pyyl2wvq3us8s2nd76kf4gas', 'MjVlOTRhZTZlZWVkNjdlMWI0N2Q4NDBjN2IwZTAyMWIzODRhNzJiNjp7Il9hdXRoX3VzZXJfYmFja2VuZCI6ImRqYW5nby5jb250cmliLmF1dGguYmFja2VuZHMuTW9kZWxCYWNrZW5kIiwiX2F1dGhfdXNlcl9pZCI6IjIiLCJfYXV0aF91c2VyX2hhc2giOiIzMDIxNDJiMDc3NmZiM2RkZTA4NGRkZmFlMTM2NzAwMjkwYjdhZThmIn0=', '2017-09-17 02:41:14');
INSERT INTO `django_session` VALUES ('xojl327fpka5wgrgey1uyy7rn6mcjvwg', 'MjVlOTRhZTZlZWVkNjdlMWI0N2Q4NDBjN2IwZTAyMWIzODRhNzJiNjp7Il9hdXRoX3VzZXJfYmFja2VuZCI6ImRqYW5nby5jb250cmliLmF1dGguYmFja2VuZHMuTW9kZWxCYWNrZW5kIiwiX2F1dGhfdXNlcl9pZCI6IjIiLCJfYXV0aF91c2VyX2hhc2giOiIzMDIxNDJiMDc3NmZiM2RkZTA4NGRkZmFlMTM2NzAwMjkwYjdhZThmIn0=', '2017-10-10 06:37:30');
INSERT INTO `django_session` VALUES ('xoll9dpnqwji1ss0xmut9lczyo3ccd9l', 'ZWM2ZDM0NjU3YmViM2Y2MTI2YzA3MmM4ZDk2YTA3MzBiNzIwNDMxNTp7Il9hdXRoX3VzZXJfaWQiOiIyIiwiX2F1dGhfdXNlcl9oYXNoIjoiMzAyMTQyYjA3NzZmYjNkZGUwODRkZGZhZTEzNjcwMDI5MGI3YWU4ZiIsIl9hdXRoX3VzZXJfYmFja2VuZCI6ImRqYW5nby5jb250cmliLmF1dGguYmFja2VuZHMuTW9kZWxCYWNrZW5kIn0=', '2017-09-19 09:37:54');
INSERT INTO `django_session` VALUES ('xoxibph6e3trluxoma1t46pdt987s0j0', 'NDMwNjUwNjgyODA0Njk3YTBmYjVkOGE5NmY4ZWNjODlhMThhMWVmYjp7Il9hdXRoX3VzZXJfYmFja2VuZCI6ImRqYW5nby5jb250cmliLmF1dGguYmFja2VuZHMuTW9kZWxCYWNrZW5kIiwiX2F1dGhfdXNlcl9oYXNoIjoiMzAyMTQyYjA3NzZmYjNkZGUwODRkZGZhZTEzNjcwMDI5MGI3YWU4ZiIsIl9hdXRoX3VzZXJfaWQiOiIyIn0=', '2017-09-15 07:45:48');
INSERT INTO `django_session` VALUES ('xs096j0dq0mv02apwhud9hcd1quuw1kd', 'MjVlOTRhZTZlZWVkNjdlMWI0N2Q4NDBjN2IwZTAyMWIzODRhNzJiNjp7Il9hdXRoX3VzZXJfYmFja2VuZCI6ImRqYW5nby5jb250cmliLmF1dGguYmFja2VuZHMuTW9kZWxCYWNrZW5kIiwiX2F1dGhfdXNlcl9pZCI6IjIiLCJfYXV0aF91c2VyX2hhc2giOiIzMDIxNDJiMDc3NmZiM2RkZTA4NGRkZmFlMTM2NzAwMjkwYjdhZThmIn0=', '2017-09-18 02:20:24');
INSERT INTO `django_session` VALUES ('y4jg585f7z3y0836fvg2udmnh56zyv17', 'NTQxNTc3ZmRjMTg4NjM3ZmFlZDgwOGYxZDNmNjA3ZTIxOWI0ZmNmODp7Il9hdXRoX3VzZXJfaGFzaCI6IjMwMjE0MmIwNzc2ZmIzZGRlMDg0ZGRmYWUxMzY3MDAyOTBiN2FlOGYiLCJfYXV0aF91c2VyX2lkIjoiMiIsIl9hdXRoX3VzZXJfYmFja2VuZCI6ImRqYW5nby5jb250cmliLmF1dGguYmFja2VuZHMuTW9kZWxCYWNrZW5kIn0=', '2017-09-19 06:03:34');
INSERT INTO `django_session` VALUES ('y58qls06joo0wizk5rnlmku1h7p1pll2', 'NDMwNjUwNjgyODA0Njk3YTBmYjVkOGE5NmY4ZWNjODlhMThhMWVmYjp7Il9hdXRoX3VzZXJfYmFja2VuZCI6ImRqYW5nby5jb250cmliLmF1dGguYmFja2VuZHMuTW9kZWxCYWNrZW5kIiwiX2F1dGhfdXNlcl9oYXNoIjoiMzAyMTQyYjA3NzZmYjNkZGUwODRkZGZhZTEzNjcwMDI5MGI3YWU4ZiIsIl9hdXRoX3VzZXJfaWQiOiIyIn0=', '2017-10-03 07:15:59');
INSERT INTO `django_session` VALUES ('yc6zupbf0g36dawn101u1nxu590m05sg', 'NzcwMmRlYTNlYjMzZGJkYzU0NjI5YThhMDFhMDQ3YmMxNzlmMjI5ZDp7Il9hdXRoX3VzZXJfaWQiOiIyIiwiX2F1dGhfdXNlcl9iYWNrZW5kIjoiZGphbmdvLmNvbnRyaWIuYXV0aC5iYWNrZW5kcy5Nb2RlbEJhY2tlbmQiLCJfYXV0aF91c2VyX2hhc2giOiIzMDIxNDJiMDc3NmZiM2RkZTA4NGRkZmFlMTM2NzAwMjkwYjdhZThmIn0=', '2017-09-18 07:45:54');
INSERT INTO `django_session` VALUES ('ylhp4g7am4r1ze81vbpsghf1mxsfecta', 'NDMwNjUwNjgyODA0Njk3YTBmYjVkOGE5NmY4ZWNjODlhMThhMWVmYjp7Il9hdXRoX3VzZXJfYmFja2VuZCI6ImRqYW5nby5jb250cmliLmF1dGguYmFja2VuZHMuTW9kZWxCYWNrZW5kIiwiX2F1dGhfdXNlcl9oYXNoIjoiMzAyMTQyYjA3NzZmYjNkZGUwODRkZGZhZTEzNjcwMDI5MGI3YWU4ZiIsIl9hdXRoX3VzZXJfaWQiOiIyIn0=', '2017-09-14 10:18:13');
INSERT INTO `django_session` VALUES ('yywjgsb3l4otsayxg56zw48zugnobo10', 'MjVlOTRhZTZlZWVkNjdlMWI0N2Q4NDBjN2IwZTAyMWIzODRhNzJiNjp7Il9hdXRoX3VzZXJfYmFja2VuZCI6ImRqYW5nby5jb250cmliLmF1dGguYmFja2VuZHMuTW9kZWxCYWNrZW5kIiwiX2F1dGhfdXNlcl9pZCI6IjIiLCJfYXV0aF91c2VyX2hhc2giOiIzMDIxNDJiMDc3NmZiM2RkZTA4NGRkZmFlMTM2NzAwMjkwYjdhZThmIn0=', '2017-09-17 04:33:26');
INSERT INTO `django_session` VALUES ('yzab8wutgx88stezere16jlfwtxlys4t', 'MjVlOTRhZTZlZWVkNjdlMWI0N2Q4NDBjN2IwZTAyMWIzODRhNzJiNjp7Il9hdXRoX3VzZXJfYmFja2VuZCI6ImRqYW5nby5jb250cmliLmF1dGguYmFja2VuZHMuTW9kZWxCYWNrZW5kIiwiX2F1dGhfdXNlcl9pZCI6IjIiLCJfYXV0aF91c2VyX2hhc2giOiIzMDIxNDJiMDc3NmZiM2RkZTA4NGRkZmFlMTM2NzAwMjkwYjdhZThmIn0=', '2017-09-16 09:59:23');
INSERT INTO `django_session` VALUES ('z0tjmrjjtch4qoc4ru8iqwawip1hitm1', 'MjVlOTRhZTZlZWVkNjdlMWI0N2Q4NDBjN2IwZTAyMWIzODRhNzJiNjp7Il9hdXRoX3VzZXJfYmFja2VuZCI6ImRqYW5nby5jb250cmliLmF1dGguYmFja2VuZHMuTW9kZWxCYWNrZW5kIiwiX2F1dGhfdXNlcl9pZCI6IjIiLCJfYXV0aF91c2VyX2hhc2giOiIzMDIxNDJiMDc3NmZiM2RkZTA4NGRkZmFlMTM2NzAwMjkwYjdhZThmIn0=', '2017-10-14 03:36:00');
INSERT INTO `django_session` VALUES ('z27w04z8dfm17dtsovdfanumv4vumi9a', 'ZWM2ZDM0NjU3YmViM2Y2MTI2YzA3MmM4ZDk2YTA3MzBiNzIwNDMxNTp7Il9hdXRoX3VzZXJfaWQiOiIyIiwiX2F1dGhfdXNlcl9oYXNoIjoiMzAyMTQyYjA3NzZmYjNkZGUwODRkZGZhZTEzNjcwMDI5MGI3YWU4ZiIsIl9hdXRoX3VzZXJfYmFja2VuZCI6ImRqYW5nby5jb250cmliLmF1dGguYmFja2VuZHMuTW9kZWxCYWNrZW5kIn0=', '2017-09-04 08:30:51');
INSERT INTO `django_session` VALUES ('za0jcwtbs1motscvhwytbqrfoqt2r4j4', 'NzcwMmRlYTNlYjMzZGJkYzU0NjI5YThhMDFhMDQ3YmMxNzlmMjI5ZDp7Il9hdXRoX3VzZXJfaWQiOiIyIiwiX2F1dGhfdXNlcl9iYWNrZW5kIjoiZGphbmdvLmNvbnRyaWIuYXV0aC5iYWNrZW5kcy5Nb2RlbEJhY2tlbmQiLCJfYXV0aF91c2VyX2hhc2giOiIzMDIxNDJiMDc3NmZiM2RkZTA4NGRkZmFlMTM2NzAwMjkwYjdhZThmIn0=', '2017-09-14 11:14:15');
INSERT INTO `django_session` VALUES ('znqtalaypf8qid0v3vmf2a4tfzgl99mo', 'MjVlOTRhZTZlZWVkNjdlMWI0N2Q4NDBjN2IwZTAyMWIzODRhNzJiNjp7Il9hdXRoX3VzZXJfYmFja2VuZCI6ImRqYW5nby5jb250cmliLmF1dGguYmFja2VuZHMuTW9kZWxCYWNrZW5kIiwiX2F1dGhfdXNlcl9pZCI6IjIiLCJfYXV0aF91c2VyX2hhc2giOiIzMDIxNDJiMDc3NmZiM2RkZTA4NGRkZmFlMTM2NzAwMjkwYjdhZThmIn0=', '2017-09-18 02:22:37');
INSERT INTO `django_session` VALUES ('znvsxwx4eydteasx1mshlsef4s3o5gd0', 'NGYyYWM1YjFjMDUzMTBiZmQ3NzQzMDFjOWYyNzVmYzBiMDcyNmY0Njp7Il9hdXRoX3VzZXJfaGFzaCI6IjMwMjE0MmIwNzc2ZmIzZGRlMDg0ZGRmYWUxMzY3MDAyOTBiN2FlOGYiLCJfYXV0aF91c2VyX2JhY2tlbmQiOiJkamFuZ28uY29udHJpYi5hdXRoLmJhY2tlbmRzLk1vZGVsQmFja2VuZCIsIl9hdXRoX3VzZXJfaWQiOiIyIn0=', '2017-09-12 09:22:31');
INSERT INTO `django_session` VALUES ('zp34dl6wdg2ru53i72jnbwyzw7fbysmg', 'MjVlOTRhZTZlZWVkNjdlMWI0N2Q4NDBjN2IwZTAyMWIzODRhNzJiNjp7Il9hdXRoX3VzZXJfYmFja2VuZCI6ImRqYW5nby5jb250cmliLmF1dGguYmFja2VuZHMuTW9kZWxCYWNrZW5kIiwiX2F1dGhfdXNlcl9pZCI6IjIiLCJfYXV0aF91c2VyX2hhc2giOiIzMDIxNDJiMDc3NmZiM2RkZTA4NGRkZmFlMTM2NzAwMjkwYjdhZThmIn0=', '2017-09-19 10:30:38');

-- ----------------------------
-- Table structure for django_site
-- ----------------------------
CREATE TABLE IF NOT EXISTS `django_site` (
  `id` int(11) NOT NULL AUTO_INCREMENT,
  `domain` varchar(100) NOT NULL,
  `name` varchar(50) NOT NULL,
  PRIMARY KEY (`id`),
  UNIQUE KEY `django_site_domain_a2e37b91_uniq` (`domain`)
) ENGINE=InnoDB AUTO_INCREMENT=2 DEFAULT CHARSET=utf8;

-- ----------------------------
-- Records of django_site
-- ----------------------------
INSERT INTO `django_site` VALUES ('1', 'example.com', 'example.com');
